# clip_name cmu_124_06_basketball_layup
# source CMU_Graphics_Lab_124_06_Basketball_Lay_Up
# rest_relative 1
# hang_start 185
# hang_end 215
# peak_frame 394 src_frames 694
HIERARCHY
ROOT Hips
{
  OFFSET 0.0000 100.0000 0.0000
  CHANNELS 6 Xposition Yposition Zposition Zrotation Xrotation Yrotation
  JOINT Spine
  {
    OFFSET 0.0000 10.0000 0.0000
    CHANNELS 3 Zrotation Xrotation Yrotation
    JOINT Spine1
    {
      OFFSET 0.0000 10.0000 0.0000
      CHANNELS 3 Zrotation Xrotation Yrotation
      JOINT Spine2
      {
        OFFSET 0.0000 10.0000 0.0000
        CHANNELS 3 Zrotation Xrotation Yrotation
        JOINT Neck
        {
          OFFSET 0.0000 12.0000 0.0000
          CHANNELS 3 Zrotation Xrotation Yrotation
          JOINT Head
          {
            OFFSET 0.0000 10.0000 0.0000
            CHANNELS 3 Zrotation Xrotation Yrotation
            End Site
            {
              OFFSET 0 5 0
            }
          }
        }
        JOINT LeftShoulder
        {
          OFFSET 6.0000 8.0000 0.0000
          CHANNELS 3 Zrotation Xrotation Yrotation
          JOINT LeftArm
          {
            OFFSET 12.0000 0.0000 0.0000
            CHANNELS 3 Zrotation Xrotation Yrotation
            JOINT LeftForeArm
            {
              OFFSET 25.0000 0.0000 0.0000
              CHANNELS 3 Zrotation Xrotation Yrotation
              JOINT LeftHand
              {
                OFFSET 22.0000 0.0000 0.0000
                CHANNELS 3 Zrotation Xrotation Yrotation
                End Site
                {
                  OFFSET 0 5 0
                }
              }
            }
          }
        }
        JOINT RightShoulder
        {
          OFFSET -6.0000 8.0000 0.0000
          CHANNELS 3 Zrotation Xrotation Yrotation
          JOINT RightArm
          {
            OFFSET -12.0000 0.0000 0.0000
            CHANNELS 3 Zrotation Xrotation Yrotation
            JOINT RightForeArm
            {
              OFFSET -25.0000 0.0000 0.0000
              CHANNELS 3 Zrotation Xrotation Yrotation
              JOINT RightHand
              {
                OFFSET -22.0000 0.0000 0.0000
                CHANNELS 3 Zrotation Xrotation Yrotation
                End Site
                {
                  OFFSET 0 5 0
                }
              }
            }
          }
        }
      }
    }
  }
  JOINT LeftUpLeg
  {
    OFFSET 8.0000 -10.0000 0.0000
    CHANNELS 3 Zrotation Xrotation Yrotation
    JOINT LeftLeg
    {
      OFFSET 0.0000 -40.0000 0.0000
      CHANNELS 3 Zrotation Xrotation Yrotation
      JOINT LeftFoot
      {
        OFFSET 0.0000 -40.0000 0.0000
        CHANNELS 3 Zrotation Xrotation Yrotation
        JOINT LeftToeBase
        {
          OFFSET 0.0000 -5.0000 12.0000
          CHANNELS 3 Zrotation Xrotation Yrotation
          End Site
          {
            OFFSET 0 5 0
          }
        }
      }
    }
  }
  JOINT RightUpLeg
  {
    OFFSET -8.0000 -10.0000 0.0000
    CHANNELS 3 Zrotation Xrotation Yrotation
    JOINT RightLeg
    {
      OFFSET 0.0000 -40.0000 0.0000
      CHANNELS 3 Zrotation Xrotation Yrotation
      JOINT RightFoot
      {
        OFFSET 0.0000 -40.0000 0.0000
        CHANNELS 3 Zrotation Xrotation Yrotation
        JOINT RightToeBase
        {
          OFFSET 0.0000 -5.0000 12.0000
          CHANNELS 3 Zrotation Xrotation Yrotation
          End Site
          {
            OFFSET 0 5 0
          }
        }
      }
    }
  }
}
MOTION
Frames: 347
Frame Time: 0.016667
4.0713 17.3592 -29.2776 -8.9852 9.2376 -10.3712 -5.6705 7.1008 -9.8898 -2.0641 4.8326 -9.0077 -0.2334 3.7097 -8.5200 -17.2286 -11.6603 -18.5701 12.6750 3.7381 -34.8558 -0.2334 3.7097 -8.5200 -82.4863 71.5193 7.9760 -162.1239 106.9880 -47.6421 -162.1239 70.0999 -47.6421 -0.2334 3.7097 -8.5200 85.3956 42.9449 -13.9245 110.9995 55.5538 59.7311 110.9995 -18.1097 59.7311 -21.3443 -11.7563 -12.3694 -19.7724 25.3324 0.7987 -18.0005 5.0045 2.0247 -17.8718 8.1050 3.1435 15.4637 -17.5806 1.8492 15.4640 17.5776 -10.6972 13.5851 -1.7069 -13.3656 13.5918 0.9326 -14.3268
4.0970 17.3613 -29.2441 -8.7788 8.9446 -10.3989 -5.3742 6.4737 -10.0352 -1.8875 4.4965 -9.2966 -0.2152 3.8582 -8.8802 -17.4294 -10.9773 -18.9942 12.8832 3.4141 -35.7240 -0.2152 3.8582 -8.8802 -82.5717 71.7233 8.0322 -162.0270 106.8200 -47.4032 -162.0270 69.7226 -47.4032 -0.2152 3.8582 -8.8802 85.4595 42.5989 -13.9825 110.5312 55.0009 59.9459 110.5312 -18.5763 59.9459 -21.5507 -11.3189 -12.1676 -19.9336 25.4180 0.8746 -18.1349 5.0062 2.1324 -18.0111 8.0109 3.2167 15.3114 -17.5268 1.2098 15.3066 17.5707 -11.3156 13.5859 -1.7394 -13.3868 13.5932 0.8840 -14.3422
4.1197 17.3715 -29.2150 -8.6318 8.7387 -10.6571 -5.1586 6.0437 -10.2819 -1.7438 4.3683 -9.5263 -0.1719 4.1635 -9.1024 -17.7593 -10.5566 -19.4373 13.2665 3.0155 -36.8006 -0.1719 4.1635 -9.1024 -82.6566 71.9403 8.1962 -161.9309 106.5820 -47.1491 -161.9309 69.4144 -47.1491 -0.1719 4.1635 -9.1024 85.5906 42.1498 -14.0336 109.7955 54.1356 60.0424 109.7955 -19.2413 60.0424 -21.7324 -10.9965 -12.0885 -20.0768 25.5175 0.8733 -18.2476 5.0241 2.1721 -18.1129 8.2329 3.3296 15.1721 -17.4798 0.5117 15.1741 17.4611 -11.9602 13.6360 -1.7732 -13.4100 13.6435 0.9226 -14.3917
4.1394 17.3751 -29.1992 -8.6032 8.6378 -10.9375 -5.0317 5.7646 -10.5908 -1.6391 4.2349 -9.8631 -0.1386 4.2785 -9.4516 -18.0550 -9.8795 -19.9215 13.6402 2.5575 -37.8316 -0.1386 4.2785 -9.4516 -82.7339 72.1615 8.3695 -161.8596 106.3620 -46.8947 -161.8596 69.2257 -46.8947 -0.1386 4.2785 -9.4516 85.7192 41.7412 -14.0908 109.1509 53.3591 60.1463 109.1509 -19.8322 60.1463 -21.8645 -10.7968 -12.0856 -20.1779 25.6252 0.8418 -18.3060 5.0449 2.2078 -18.1642 8.3820 3.4113 15.0688 -17.4747 -0.0012 15.0847 17.3281 -12.4262 13.6824 -1.8027 -13.4392 13.6902 0.9243 -14.4323
4.1551 17.3745 -29.1989 -8.6393 8.6068 -11.2233 -5.0027 5.7144 -10.9069 -1.5865 4.2369 -10.2145 -0.0977 4.3451 -9.8196 -18.2741 -9.2873 -20.4049 13.9285 2.1541 -38.7909 -0.0977 4.3451 -9.8196 -82.8051 72.3781 8.5336 -161.8043 106.1640 -46.6481 -161.8043 69.1570 -46.6481 -0.0977 4.3451 -9.8196 85.8489 41.3656 -14.1127 108.5713 52.6522 60.2484 108.5713 -20.3861 60.2484 -21.9409 -10.7217 -12.1585 -20.2361 25.7056 0.7697 -18.3224 5.0709 2.2129 -18.1744 8.5119 3.4536 15.0076 -17.5348 -0.2256 15.0432 17.2073 -12.6305 13.6989 -1.8176 -13.4857 13.7075 0.8245 -14.4479
4.1685 17.3720 -29.2076 -8.6796 8.5822 -11.4994 -5.0227 5.8035 -11.2099 -1.5711 4.3570 -10.5558 -0.0602 4.4338 -10.1806 -18.4109 -8.7827 -20.8445 14.1112 1.8425 -39.6262 -0.0602 4.4338 -10.1806 -82.8654 72.5654 8.6705 -161.7715 106.0080 -46.4373 -161.7715 69.0981 -46.4373 -0.0602 4.4338 -10.1806 85.9822 41.0236 -14.1040 108.0770 52.0292 60.3681 108.0770 -20.9127 60.3681 -21.9902 -10.7060 -12.2752 -20.2749 25.7616 0.6670 -18.3215 5.0988 2.1919 -18.1665 8.6591 3.4754 14.9654 -17.6172 -0.2718 15.0196 17.1186 -12.6752 13.6893 -1.8270 -13.5186 13.6983 0.7741 -14.4660
4.1821 17.3699 -29.2158 -8.6858 8.5278 -11.7671 -5.0229 5.8789 -11.5023 -1.5562 4.4891 -10.8859 -0.0357 4.5518 -10.5306 -18.6058 -8.1954 -21.2373 14.3460 1.5409 -40.3997 -0.0357 4.5518 -10.5306 -82.9020 72.7239 8.8114 -161.7839 105.8986 -46.2677 -161.7839 68.9621 -46.2677 -0.0357 4.5518 -10.5306 86.1303 40.6999 -14.0910 107.6285 51.4375 60.4811 107.6285 -21.4669 60.4811 -22.0491 -10.6692 -12.3954 -20.3213 25.8215 0.5549 -18.3219 5.1245 2.1740 -18.1618 8.7655 3.4863 14.9159 -17.7059 -0.3452 14.9883 17.0398 -12.7526 13.6803 -1.8417 -13.5467 13.6896 0.7456 -14.4891
4.1947 17.3680 -29.2233 -8.6802 8.4582 -12.0479 -5.0241 5.9391 -11.7995 -1.5452 4.6096 -11.2121 -0.0108 4.6617 -10.8729 -18.8369 -7.6312 -21.6046 14.5944 1.3034 -41.1133 -0.0108 4.6617 -10.8729 -82.9067 72.8771 8.9663 -161.8370 105.8313 -46.1160 -161.8370 68.8135 -46.1160 -0.0108 4.6617 -10.8729 86.2891 40.4011 -14.0800 107.2318 50.8861 60.5813 107.2318 -22.0003 60.5813 -22.1084 -10.6153 -12.5153 -20.3667 25.8818 0.4372 -18.3156 5.1470 2.1626 -18.1524 8.8365 3.4922 14.8704 -17.8104 -0.4396 14.9653 16.9383 -12.8489 13.6837 -1.8522 -13.5899 13.6938 0.6131 -14.4879
4.2053 17.3658 -29.2302 -8.7014 8.3942 -12.3768 -5.0507 5.9999 -12.1245 -1.5419 4.7129 -11.5399 0.0244 4.7388 -11.2042 -19.0751 -7.1281 -21.9680 14.8710 1.0484 -41.7926 0.0244 4.7388 -11.2042 -82.8837 73.0435 9.1010 -161.9023 105.8061 -45.9582 -161.9023 68.7735 -45.9582 0.0244 4.7388 -11.2042 86.4596 40.1221 -14.0768 106.8711 50.3588 60.6595 106.8711 -22.4994 60.6595 -22.1581 -10.5490 -12.6573 -20.4002 25.9512 0.2961 -18.2864 5.1732 2.1515 -18.1182 8.9399 3.5087 14.8386 -17.9165 -0.5199 14.9570 16.8291 -12.9290 13.7009 -1.8569 -13.6262 13.7115 0.4563 -14.4689
4.2150 17.3638 -29.2358 -8.6799 8.3117 -12.7216 -5.0882 6.0626 -12.4543 -1.5518 4.8056 -11.8664 0.0737 4.7808 -11.5332 -19.2570 -6.6976 -22.3119 15.0831 0.7859 -42.3673 0.0737 4.7808 -11.5332 -82.8347 73.2284 9.1884 -161.9629 105.8281 -45.7857 -161.9629 68.8745 -45.7857 0.0737 4.7808 -11.5332 86.6399 39.8628 -14.0725 106.5390 49.8521 60.7080 106.5390 -22.9951 60.7080 -22.2171 -10.4506 -12.8127 -20.4401 26.0235 0.1317 -18.2531 5.2061 2.1420 -18.0785 9.0722 3.5348 14.8010 -18.0135 -0.6094 14.9393 16.7431 -13.0229 13.7167 -1.8648 -13.6340 13.7275 0.4315 -14.4706
4.2274 17.3632 -29.2409 -8.5523 8.2151 -12.9960 -5.0772 6.1345 -12.7313 -1.5488 4.9034 -12.1694 0.1306 4.8106 -11.8547 -19.4011 -6.2660 -22.6284 15.2260 0.5588 -42.8829 0.1306 4.8106 -11.8547 -82.7593 73.4328 9.2357 -162.0365 105.9052 -45.6007 -162.0365 69.0389 -45.6007 0.1306 4.8106 -11.8547 86.8332 39.6024 -14.0649 106.1962 49.3246 60.7273 106.1962 -23.5445 60.7273 -22.3084 -10.3310 -12.9507 -20.5134 26.0812 -0.0276 -18.2536 5.2368 2.1414 -18.0733 9.1887 3.5648 14.7330 -18.1387 -0.7769 14.8944 16.6583 -13.2051 13.7254 -1.8809 -13.6498 13.7365 0.4051 -14.4827
4.2414 17.3621 -29.2499 -8.4366 8.1786 -13.2401 -5.0427 6.2617 -12.9822 -1.5229 5.0366 -12.4437 0.1898 4.8584 -12.1443 -19.5387 -5.7946 -22.9028 15.3404 0.3835 -43.3812 0.1898 4.8584 -12.1443 -82.6575 73.6516 9.2470 -162.1433 106.0491 -45.4116 -162.1433 69.1874 -45.4116 0.1898 4.8584 -12.1443 87.0417 39.3318 -14.0638 105.8488 48.7760 60.7461 105.8488 -24.1084 60.7461 -22.3992 -10.2464 -13.0914 -20.5915 26.1200 -0.1837 -18.2637 5.2664 2.1402 -18.0793 9.2757 3.5840 14.6582 -18.2893 -0.9481 14.8465 16.5662 -13.3973 13.7353 -1.9005 -13.6604 13.7466 0.4307 -14.5097
4.2541 17.3602 -29.2612 -8.3878 8.1850 -13.5160 -5.0290 6.4249 -13.2432 -1.4936 5.1982 -12.6931 0.2515 4.9308 -12.3904 -19.6431 -5.3898 -23.1491 15.4334 0.2504 -43.8655 0.2515 4.9308 -12.3904 -82.5297 73.8954 9.2358 -162.2901 106.2547 -45.2082 -162.2901 69.3232 -45.2082 0.2515 4.9308 -12.3904 87.2694 39.0481 -14.0845 105.4962 48.1991 60.7646 105.4962 -24.6822 60.7646 -22.4676 -10.1992 -13.2412 -20.6496 26.1599 -0.3353 -18.2570 5.2959 2.1352 -18.0689 9.3548 3.5967 14.5993 -18.4406 -1.0793 14.8155 16.4661 -13.5471 13.7520 -1.9227 -13.6676 13.7635 0.4635 -14.5370
4.2646 17.3584 -29.2710 -8.3425 8.1597 -13.8352 -5.0503 6.5783 -13.5253 -1.4840 5.3552 -12.9422 0.3266 4.9916 -12.6277 -19.7116 -5.0967 -23.3942 15.5122 0.1433 -44.3004 0.3266 4.9916 -12.6277 -82.3790 74.2046 9.2144 -162.4515 106.4932 -44.9436 -162.4515 69.5714 -44.9436 0.3266 4.9916 -12.6277 87.5029 38.7734 -14.1022 105.1521 47.6269 60.7572 105.1521 -25.2908 60.7572 -22.5233 -10.1518 -13.3791 -20.6932 26.2104 -0.4717 -18.2408 5.3158 2.1260 -18.0481 9.4440 3.6122 14.5529 -18.5877 -1.2054 14.7982 16.3505 -13.6849 13.7751 -1.9453 -13.6952 13.7870 0.3881 -14.5453
4.2750 17.3572 -29.2804 -8.2929 8.1223 -14.1404 -5.0682 6.7326 -13.7990 -1.4685 5.5022 -13.1907 0.4100 5.0240 -12.8684 -19.7744 -4.8305 -23.6273 15.5828 0.0771 -44.6769 0.4100 5.0240 -12.8684 -82.2140 74.6136 9.1707 -162.6126 106.7559 -44.5785 -162.6126 70.0788 -44.5785 0.4100 5.0240 -12.8684 87.7315 38.5184 -14.1146 104.8188 47.0738 60.7065 104.8188 -25.9480 60.7065 -22.5756 -10.1127 -13.4971 -20.7360 26.2491 -0.5895 -18.2319 5.3272 2.1185 -18.0320 9.5698 3.6456 14.5087 -18.7293 -1.3321 14.7828 16.2309 -13.8200 13.7982 -1.9678 -13.7273 13.8106 0.2778 -14.5456
4.2856 17.3562 -29.2902 -8.2533 8.0918 -14.4056 -5.0609 6.8842 -14.0476 -1.4350 5.6475 -13.4269 0.4842 5.0612 -13.1015 -19.8325 -4.5234 -23.8191 15.5994 0.1244 -44.9981 0.4842 5.0612 -13.1015 -82.0442 75.1123 9.0723 -162.8017 107.0787 -44.1265 -162.8017 70.8353 -44.1265 0.4842 5.0612 -13.1015 87.9508 38.2914 -14.1301 104.4979 46.5457 60.5898 104.4979 -26.6187 60.5898 -22.6170 -10.1069 -13.5673 -20.7742 26.2639 -0.6560 -18.2395 5.3326 2.1203 -18.0313 9.7091 3.6953 14.4641 -18.8569 -1.4388 14.7638 16.1289 -13.9363 13.8142 -1.9860 -13.7465 13.8270 0.2501 -14.5614
4.2962 17.3547 -29.3007 -8.2335 8.0744 -14.6415 -5.0441 7.0196 -14.2782 -1.3902 5.7905 -13.6561 0.5560 5.1271 -13.3319 -19.8580 -4.2079 -23.9764 15.5433 0.2946 -45.2642 0.5560 5.1271 -13.3319 -81.8703 75.6499 8.9147 -163.0620 107.4935 -43.6463 -163.0620 71.6576 -43.6463 0.5560 5.1271 -13.3319 88.1617 38.0871 -14.1540 104.1787 46.0309 60.3995 104.1787 -27.2970 60.3995 -22.6473 -10.1266 -13.6102 -20.8046 26.2701 -0.6896 -18.2540 5.3320 2.1220 -18.0352 9.8800 3.7582 14.4217 -18.9753 -1.5155 14.7445 16.0397 -14.0237 13.8215 -2.0026 -13.7632 13.8344 0.2760 -14.5935
4.3071 17.3525 -29.3109 -8.2169 8.0469 -14.8441 -5.0172 7.1332 -14.4842 -1.3337 5.9295 -13.8707 0.6342 5.2136 -13.5528 -19.8315 -3.9521 -24.1077 15.4180 0.5716 -45.4647 0.6342 5.2136 -13.5528 -81.6899 76.2165 8.7204 -163.4222 108.0053 -43.1520 -163.4222 72.3978 -43.1520 0.6342 5.2136 -13.5528 88.3749 37.8615 -14.1921 103.8017 45.4568 60.1615 103.8017 -28.1997 60.1615 -22.6817 -10.1440 -13.6643 -20.8370 26.2877 -0.7313 -18.2645 5.3184 2.1209 -18.0350 10.0433 3.8203 14.3767 -19.0651 -1.5670 14.7161 15.9826 -14.0869 13.8167 -2.0214 -13.7522 13.8295 0.4353 -14.6473
4.3183 17.3503 -29.3205 -8.1966 8.0020 -15.0149 -4.9744 7.2439 -14.6659 -1.2625 6.0645 -14.0691 0.7190 5.2873 -13.7607 -19.7567 -3.7612 -24.2086 15.2095 0.9917 -45.5851 0.7190 5.2873 -13.7607 -81.5061 76.8409 8.4861 -163.8718 108.6054 -42.6101 -163.8718 73.0808 -42.6101 0.7190 5.2873 -13.7607 88.6112 37.5411 -14.2498 103.2475 44.6829 59.8787 103.2475 -29.4973 59.8787 -22.7255 -10.1476 -13.7351 -20.8764 26.3138 -0.7915 -18.2692 5.2989 2.1267 -18.0292 10.1967 3.8879 14.3306 -19.1420 -1.6176 14.6830 15.9450 -14.1514 13.8087 -2.0444 -13.7272 13.8211 0.6328 -14.7025
4.3290 17.3480 -29.3293 -8.1804 7.9509 -15.1864 -4.9212 7.3582 -14.8422 -1.1836 6.1985 -14.2510 0.7999 5.3498 -13.9457 -19.6519 -3.6402 -24.2588 14.9000 1.6372 -45.6003 0.7999 5.3498 -13.9457 -81.3395 77.5241 8.1718 -164.3335 109.2559 -42.0039 -164.3335 73.8189 -42.0039 0.7999 5.3498 -13.9457 88.8848 37.0810 -14.3145 102.4378 43.6195 59.5189 102.4378 -31.1614 59.5189 -22.7645 -10.1547 -13.7881 -20.9126 26.3328 -0.8352 -18.2768 5.2762 2.1360 -18.0283 10.3171 3.9483 14.2901 -19.2464 -1.6893 14.6616 15.8811 -14.2375 13.8107 -2.0711 -13.7383 13.8234 0.6481 -14.7289
4.3396 17.3449 -29.3359 -8.1711 7.8854 -15.3766 -4.8467 7.4427 -15.0228 -1.0885 6.3193 -14.4132 0.8761 5.4250 -14.0976 -19.5103 -3.6530 -24.2530 14.4699 2.5688 -45.4972 0.8761 5.4250 -14.0976 -81.1715 78.2193 7.7955 -164.6926 109.8817 -41.3679 -164.6926 74.6469 -41.3679 0.8761 5.4250 -14.0976 89.2010 36.4253 -14.3750 101.2726 42.1622 59.0333 101.2726 -33.2345 59.0333 -22.8168 -10.1319 -13.8857 -20.9550 26.3804 -0.9241 -18.2757 5.2740 2.1293 -18.0184 10.4516 3.9903 14.2487 -19.3614 -1.7708 14.6423 15.7997 -14.3311 13.8106 -2.0972 -13.7789 13.8242 0.5178 -14.7317
4.3528 17.3405 -29.3354 -8.1414 7.7433 -15.6011 -4.6926 7.4313 -15.2137 -0.9394 6.3968 -14.5440 0.9471 5.5227 -14.1939 -19.2846 -3.8687 -24.1944 13.8737 3.8327 -45.2979 0.9471 5.5227 -14.1939 -80.9621 78.8748 7.4305 -164.8656 110.4030 -40.7513 -164.8656 75.5588 -40.7513 0.9471 5.5227 -14.1939 89.5788 35.4748 -14.4605 99.6339 40.1635 58.4286 99.6339 -36.0313 58.4286 -22.9516 -9.9662 -14.2036 -21.0491 26.5515 -1.2403 -18.2298 5.3312 2.0862 -17.9600 10.6676 4.0036 14.1763 -19.4341 -1.8693 14.5832 15.7565 -14.4402 13.7808 -2.1175 -13.7841 13.7948 0.4690 -14.7265
4.3667 17.3354 -29.3292 -8.0851 7.5474 -15.8621 -4.5145 7.3736 -15.4115 -0.7735 6.4434 -14.6439 1.0281 5.6011 -14.2404 -18.9483 -4.2357 -24.1017 13.0909 5.4104 -45.0526 1.0281 5.6011 -14.2404 -80.7082 79.4058 7.1330 -164.8737 110.7962 -40.2451 -164.8737 76.4204 -40.2451 1.0281 5.6011 -14.2404 90.0362 34.1246 -14.6212 97.4324 37.4983 57.7706 97.4324 -39.8122 57.7706 -23.1316 -9.7067 -14.6332 -21.1696 26.7943 -1.6761 -18.1605 5.4166 2.0131 -17.8755 10.9334 3.9943 14.0897 -19.4805 -1.9828 14.5037 15.7432 -14.5655 13.7362 -2.1368 -13.7724 13.7506 0.4361 -14.7099
4.3771 17.3306 -29.3244 -8.0206 7.3925 -16.0824 -4.4021 7.3666 -15.5610 -0.6545 6.5103 -14.6989 1.1219 5.6627 -14.2476 -18.5569 -4.6470 -23.9726 12.1963 7.1965 -44.7727 1.1219 5.6627 -14.2476 -80.4672 79.7144 6.9059 -164.8051 111.0793 -39.9532 -164.8051 77.0659 -39.9532 1.1219 5.6627 -14.2476 90.5607 32.3948 -14.8738 94.7692 34.2735 57.1834 94.7692 -44.3264 57.1834 -23.2599 -9.5167 -14.9319 -21.2546 26.9692 -1.9806 -18.1200 5.4659 1.9371 -17.8265 11.0808 3.9530 14.0239 -19.5211 -2.0576 14.4425 15.7482 -14.6562 13.6984 -2.1526 -13.7653 13.7131 0.3746 -14.6862
4.3830 17.3272 -29.3251 -7.9470 7.3223 -16.1780 -4.3773 7.4463 -15.6084 -0.6070 6.6405 -14.6973 1.2155 5.7612 -14.2263 -18.1831 -5.0239 -23.7872 11.3020 9.0791 -44.4198 1.2155 5.7612 -14.2263 -80.2876 79.7634 6.7418 -164.7566 111.2885 -39.9190 -164.7566 77.3285 -39.9190 1.2155 5.7612 -14.2263 91.1243 30.4159 -15.2004 91.8471 30.7333 56.8195 91.8471 -48.6565 56.8195 -23.3046 -9.4671 -15.0188 -21.2878 27.0159 -2.0685 -18.1367 5.4703 1.8678 -17.8406 11.1201 3.8962 13.9875 -19.5606 -2.0580 14.4088 15.7689 -14.6774 13.6669 -2.1586 -13.7676 13.6819 0.2928 -14.6609
4.3867 17.3252 -29.3279 -7.8689 7.2938 -16.1611 -4.3854 7.5414 -15.5744 -0.5973 6.8145 -14.6621 1.2899 5.9463 -14.1981 -17.8440 -5.3498 -23.5463 10.4830 10.9705 -43.9636 1.2899 5.9463 -14.1981 -80.1915 79.6241 6.6468 -164.7833 111.4401 -40.0740 -164.7833 77.1317 -40.0740 1.2899 5.9463 -14.1981 91.7053 28.2809 -15.5796 88.7187 26.9809 56.7239 88.7187 -52.3819 56.7239 -23.3278 -9.4612 -15.0575 -21.3102 27.0169 -2.1084 -18.1715 5.4676 1.7981 -17.8731 11.1527 3.8392 13.9609 -19.5955 -2.0188 14.3837 15.7971 -14.6597 13.6315 -2.1513 -13.7813 13.6466 0.1509 -14.6204
4.3896 17.3242 -29.3304 -7.7951 7.2767 -16.0560 -4.4156 7.6291 -15.4949 -0.6071 7.0003 -14.6424 1.3608 6.1723 -14.2182 -17.5260 -5.6041 -23.2933 9.7300 12.8499 -43.4136 1.3608 6.1723 -14.2182 -80.1802 79.3465 6.6647 -164.9395 111.5360 -40.3738 -164.9395 76.4453 -40.3738 1.3608 6.1723 -14.2182 92.2645 25.9205 -15.9801 85.1438 22.8395 56.7243 85.1438 -56.3356 56.7243 -23.3480 -9.4693 -15.0774 -21.3333 27.0010 -2.1304 -18.2156 5.4709 1.7367 -17.9148 11.1866 3.7888 13.9372 -19.6159 -1.9701 14.3585 15.8368 -14.6315 13.5932 -2.1293 -13.7971 13.6081 -0.0097 -14.5696
4.3935 17.3234 -29.3329 -7.7225 7.2657 -15.8768 -4.4699 7.7375 -15.3917 -0.6186 7.1840 -14.6720 1.4674 6.3638 -14.3270 -17.1984 -5.7527 -23.0679 8.9659 14.7548 -42.7986 1.4674 6.3638 -14.3270 -80.2451 78.9319 6.8526 -165.1561 111.4962 -40.8115 -165.1561 75.5561 -40.8115 1.4674 6.3638 -14.3270 92.7282 23.2665 -16.3901 80.9091 18.1879 56.6667 80.9091 -61.4101 56.6667 -23.3768 -9.4838 -15.0968 -21.3668 26.9780 -2.1520 -18.2702 5.4802 1.6801 -17.9675 11.2178 3.7401 13.9088 -19.6065 -1.9019 14.3215 15.9097 -14.5847 13.5410 -2.0936 -13.7958 13.5553 -0.0543 -14.5392
4.3989 17.3234 -29.3359 -7.6482 7.2734 -15.6633 -4.5292 7.8876 -15.2735 -0.6258 7.3930 -14.7143 1.5921 6.5504 -14.4640 -16.8236 -5.8667 -22.8455 8.1375 16.7130 -42.1313 1.5921 6.5504 -14.4640 -80.3523 78.3728 7.2326 -165.2414 111.2045 -41.3785 -165.2414 75.0496 -41.3785 1.5921 6.5504 -14.4640 93.0270 20.4268 -16.7673 76.0388 13.1495 56.6790 76.0388 -67.1155 56.6790 -23.4136 -9.5048 -15.1189 -21.4099 26.9475 -2.1765 -18.3416 5.4955 1.6091 -18.0329 11.3110 3.6968 13.8795 -19.6081 -1.8261 14.2861 15.9709 -14.5302 13.4789 -2.0665 -13.8297 13.4928 -0.1830 -14.5163
4.4064 17.3239 -29.3402 -7.5831 7.3162 -15.4364 -4.5644 8.0888 -15.1346 -0.6204 7.6591 -14.7200 1.6986 6.7918 -14.5548 -16.3826 -6.0227 -22.5837 7.2632 18.6997 -41.4023 1.6986 6.7918 -14.5548 -80.4640 77.7162 7.7544 -165.0115 110.6015 -42.0098 -165.0115 75.4667 -42.0098 1.6986 6.7918 -14.5548 93.1144 17.6267 -17.1195 70.5935 7.8870 57.0426 70.5935 -72.5056 57.0426 -23.4467 -9.5517 -15.1157 -21.4546 26.8955 -2.1740 -18.4362 5.5069 1.5234 -18.1188 11.4386 3.6525 13.8529 -19.6259 -1.7688 14.2587 16.0001 -14.4889 13.4170 -2.0542 -13.9108 13.4303 -0.4075 -14.5112
4.4169 17.3230 -29.3411 -7.5380 7.3048 -15.3036 -4.5539 8.2622 -15.0639 -0.5742 7.9298 -14.7500 1.8028 7.0574 -14.6448 -15.9139 -6.1409 -22.2990 6.3756 20.7001 -40.6020 1.8028 7.0574 -14.6448 -80.5428 76.9880 8.3692 -164.3629 109.6743 -42.6646 -164.3629 76.8533 -42.6646 1.8028 7.0574 -14.6448 92.9885 14.9285 -17.3711 64.4623 2.3071 57.7242 64.4623 -77.4801 57.7242 -23.5007 -9.5566 -15.1651 -21.5072 26.9037 -2.2184 -18.5168 5.5324 1.4175 -18.1872 11.6184 3.6014 13.8210 -19.6491 -1.7940 14.2296 16.0013 -14.5225 13.3673 -2.0572 -14.0182 13.3798 -0.6721 -14.5233
4.4302 17.3216 -29.3481 -7.5297 7.3352 -15.0811 -4.5210 8.5246 -14.9508 -0.4928 8.2549 -14.7912 1.9234 7.3155 -14.7695 -15.4235 -6.1721 -22.0651 5.4173 22.7440 -39.8842 1.9234 7.3155 -14.7695 -80.5491 76.1700 9.0512 -163.2734 108.4468 -43.3522 -163.2734 78.6608 -43.3522 1.9234 7.3155 -14.7695 92.6358 12.1502 -17.4830 57.4144 -3.8278 58.3201 57.4144 -82.2786 58.3201 -23.5224 -9.6626 -15.1343 -21.5459 26.8435 -2.1706 -18.6351 5.5435 1.3102 -18.2930 11.7934 3.5524 13.7909 -19.6513 -1.7725 14.1995 16.0035 -14.5025 13.3073 -2.0571 -14.1091 13.3187 -0.8801 -14.5384
4.4501 17.3204 -29.3589 -7.5076 7.3192 -14.4821 -4.3353 8.8170 -14.5951 -0.3118 8.6385 -14.7376 2.0192 7.6187 -14.8614 -14.9440 -6.1838 -21.8349 4.4230 24.8328 -39.2297 2.0192 7.6187 -14.8614 -80.4967 75.2204 9.7409 -161.8618 107.0271 -44.1176 -161.8618 80.1046 -44.1176 2.0192 7.6187 -14.8614 92.0401 9.0458 -17.4015 49.3346 -10.6424 58.4038 49.3346 -85.8917 58.4038 -23.5268 -9.8909 -14.9683 -21.5941 26.6754 -1.9819 -18.8249 5.5277 1.2381 -18.4759 11.8795 3.5167 13.7518 -19.5677 -1.6182 14.1428 16.0747 -14.3432 13.1855 -2.0407 -14.1727 13.1952 -1.1003 -14.5157
4.4745 17.3189 -29.3686 -7.4623 7.2519 -13.7228 -4.0245 9.0882 -14.1201 -0.0542 9.0480 -14.5956 2.0900 7.9805 -14.8692 -14.4972 -6.1623 -21.5482 3.4171 26.9419 -38.5705 2.0900 7.9805 -14.8692 -80.4196 74.0955 10.3986 -160.3198 105.5464 -45.0251 -160.3198 80.3908 -45.0251 2.0900 7.9805 -14.8692 91.1392 6.2035 -17.4695 41.2095 -17.0239 58.2610 41.2095 -87.1742 58.2610 -23.5547 -10.1258 -14.7899 -21.6690 26.4916 -1.7838 -19.0355 5.5092 1.1925 -18.6822 11.9263 3.4944 13.6937 -19.4164 -1.3980 14.0531 16.2014 -14.1135 13.0202 -2.0098 -14.1876 13.0287 -1.2022 -14.4821
4.4988 17.3169 -29.3739 -7.4396 7.2050 -13.3161 -3.7236 9.3124 -13.8634 0.2089 9.4363 -14.4924 2.1672 8.3880 -14.8233 -14.1339 -5.9114 -21.1758 2.4451 29.0019 -37.8459 2.1672 8.3880 -14.8233 -80.3111 72.8281 11.0574 -158.7514 104.0559 -46.0624 -158.7514 79.0576 -46.0624 2.1672 8.3880 -14.8233 90.0882 4.0249 -17.6181 33.7975 -22.4688 58.2383 33.7975 -87.0018 58.2383 -23.6376 -10.2229 -14.7896 -21.7673 26.4369 -1.7676 -19.1720 5.5359 1.1504 -18.8054 12.1157 3.5100 13.6151 -19.3240 -1.2983 13.9568 16.2640 -14.0031 12.8909 -1.9944 -14.1805 12.8990 -1.2415 -14.4551
4.5216 17.3164 -29.3834 -7.4235 7.2879 -13.1972 -3.4974 9.6118 -13.7810 0.4225 9.8775 -14.4239 2.2505 8.8571 -14.7459 -13.8085 -5.4286 -20.7394 1.5095 30.9501 -37.0600 2.2505 8.8571 -14.7459 -80.1297 71.5464 11.7820 -157.1161 102.5139 -47.1009 -157.1161 76.4317 -47.1009 2.2505 8.8571 -14.7459 89.0206 2.4075 -17.6367 26.9814 -27.3508 58.3826 26.9814 -87.0447 58.3826 -23.7284 -10.2922 -14.8547 -21.8679 26.4039 -1.8187 -19.2770 5.5800 1.1168 -18.8877 12.4297 3.5716 13.5258 -19.3426 -1.2911 13.8738 16.2239 -13.9886 12.8098 -1.9901 -14.1791 12.8174 -1.2806 -14.4379
4.5459 17.3164 -29.3944 -7.3562 7.3455 -13.0646 -3.2486 9.9357 -13.6823 0.6279 10.3892 -14.3379 2.3104 9.4162 -14.6487 -13.4333 -4.8777 -20.2382 0.6863 32.6848 -36.1011 2.3104 9.4162 -14.6487 -79.8799 70.3258 12.5893 -155.3332 100.8518 -48.0437 -155.3332 73.3037 -48.0437 2.3104 9.4162 -14.6487 87.9115 1.1914 -17.5710 20.5202 -31.8910 58.6119 20.5202 -87.1104 58.6119 -23.8281 -10.3684 -14.9052 -21.9798 26.3590 -1.8569 -19.3890 5.6038 1.1056 -18.9789 12.7031 3.6485 13.4233 -19.3950 -1.3002 13.7834 16.1678 -13.9967 12.7271 -1.9818 -14.1869 12.7341 -1.3407 -14.4207
4.5692 17.3158 -29.4102 -7.3191 7.4321 -12.9273 -3.0191 10.3263 -13.5904 0.8065 10.9817 -14.2687 2.3309 10.0500 -14.5689 -13.0505 -4.2786 -19.7749 -0.0247 34.1736 -35.1942 2.3309 10.0500 -14.5689 -79.5738 69.1630 13.4960 -153.3065 98.9812 -48.8630 -153.3065 70.3844 -48.8630 2.3309 10.0500 -14.5689 86.6727 0.6079 -17.6415 14.2985 -36.0727 59.2244 14.2985 -87.2663 59.2244 -23.9010 -10.4969 -14.9221 -22.0745 26.2783 -1.8553 -19.5021 5.5880 1.0951 -19.0760 12.8948 3.7114 13.3308 -19.4713 -1.2534 13.7067 16.1036 -13.9542 12.6447 -1.9678 -14.2009 12.6512 -1.3759 -14.4168
4.5903 17.3152 -29.4294 -7.3042 7.5712 -12.8517 -2.8050 10.7572 -13.5554 0.9458 11.6255 -14.2407 2.2834 10.7543 -14.5153 -12.7513 -3.5635 -19.3614 -0.6224 35.4728 -34.4246 2.2834 10.7543 -14.5153 -79.2289 68.0739 14.4821 -150.9662 96.8498 -49.5057 -150.9662 68.1223 -49.5057 2.2834 10.7543 -14.5153 85.4249 0.5532 -17.7349 8.0161 -40.3677 60.1883 8.0161 -87.4922 60.1883 -23.9446 -10.6683 -14.8857 -22.1470 26.1756 -1.7934 -19.6150 5.5293 1.0892 -19.1768 13.0193 3.7706 13.2475 -19.5672 -1.1847 13.6428 16.0272 -13.8923 12.5723 -1.9612 -14.2097 12.5790 -1.3444 -14.4347
4.6098 17.3149 -29.4497 -7.2933 7.7430 -12.8105 -2.5754 11.2169 -13.5559 1.0634 12.3002 -14.2343 2.1650 11.4951 -14.4650 -12.5491 -2.7803 -18.9586 -1.1456 36.6933 -33.7122 2.1650 11.4951 -14.4650 -78.8667 67.0932 15.5176 -148.2961 94.4480 -49.8997 -148.2961 66.5813 -49.8997 2.1650 11.4951 -14.4650 84.2789 0.9107 -17.7158 1.5013 -45.1298 61.3692 1.5013 -87.7978 61.3692 -23.9779 -10.8414 -14.8340 -22.2092 26.0744 -1.7153 -19.7195 5.4281 1.0816 -19.2712 13.0985 3.8275 13.1679 -19.6571 -1.0990 13.5818 15.9508 -13.8113 12.5018 -1.9625 -14.2012 12.5097 -1.1972 -14.4803
4.6276 17.3147 -29.4717 -7.3168 7.9667 -12.7738 -2.3498 11.7217 -13.5647 1.1693 13.0096 -14.2255 2.0103 12.2649 -14.3959 -12.4131 -1.9863 -18.5323 -1.6183 37.8973 -32.9775 2.0103 12.2649 -14.3959 -78.5243 66.1863 16.5490 -145.3904 91.8526 -50.0690 -145.3904 65.3711 -50.0690 2.0103 12.2649 -14.3959 83.2738 1.7246 -17.6154 -5.0765 -50.2905 62.7380 -5.0765 -88.0807 62.7380 -24.0005 -11.0212 -14.8079 -22.2587 25.9885 -1.6553 -19.7917 5.2744 1.0809 -19.3423 13.0502 3.8653 13.0959 -19.7366 -0.9828 13.5277 15.8692 -13.6943 12.4352 -1.9679 -14.1704 12.4450 -0.9384 -14.5458
4.6430 17.3136 -29.4965 -7.4247 8.2643 -12.7399 -2.1732 12.2763 -13.5755 1.2663 13.7522 -14.2068 1.8673 13.0657 -14.3046 -12.3196 -1.2361 -18.1187 -2.1101 39.1663 -32.3098 1.8673 13.0657 -14.3046 -78.2328 65.3127 17.5382 -142.4071 89.1847 -50.0759 -142.4071 64.0076 -50.0759 1.8673 13.0657 -14.3046 82.4626 2.9816 -17.3066 -11.5254 -55.8220 64.2232 -11.5254 -88.3268 64.2232 -23.9969 -11.2466 -14.8036 -22.2845 25.9086 -1.5991 -19.8209 5.0669 1.1044 -19.3827 12.8275 3.8851 13.0400 -19.8194 -0.8345 13.4912 15.7761 -13.5423 12.3817 -1.9753 -14.1282 12.3934 -0.5893 -14.6336
4.6559 17.3114 -29.5217 -7.5613 8.5906 -12.7469 -2.0681 12.8340 -13.6051 1.3309 14.4990 -14.1883 1.7543 13.8863 -14.2090 -12.2411 -0.4950 -17.7174 -2.6240 40.4758 -31.6718 1.7543 13.8863 -14.2090 -78.0123 64.4631 18.4689 -139.4893 86.5500 -49.9632 -139.4893 62.2652 -49.9632 1.7543 13.8863 -14.2090 81.9336 4.6718 -16.7797 -17.6418 -61.6373 65.8105 -17.6418 -88.6606 65.8105 -23.9781 -11.4879 -14.8267 -22.2930 25.8493 -1.5579 -19.8145 4.8113 1.1339 -19.4012 12.4133 3.8606 12.9956 -19.9230 -0.6982 13.4698 15.6723 -13.4056 12.3451 -1.9887 -14.0986 12.3579 -0.2196 -14.7435
4.6667 17.3088 -29.5475 -7.6571 8.9286 -12.8051 -2.0424 13.4315 -13.6520 1.3429 15.2658 -14.1691 1.6802 14.6895 -14.1202 -12.1850 0.2851 -17.3219 -3.1312 41.7451 -31.0397 1.6802 14.6895 -14.1202 -77.8732 63.6525 19.3400 -136.7106 83.9999 -49.7352 -136.7106 60.2522 -49.7352 1.6802 14.6895 -14.1202 81.7223 6.7996 -16.1269 -23.3001 -67.6171 67.5539 -23.3001 -89.2579 67.5539 -23.9682 -11.7039 -14.9068 -22.3051 25.8124 -1.5745 -19.7908 4.5325 1.1395 -19.4145 11.8193 3.7567 12.9495 -20.0673 -0.6068 13.4537 15.5492 -13.3214 12.3242 -2.0100 -14.0868 12.3374 0.1118 -14.8601
4.6764 17.3064 -29.5739 -7.6881 9.2773 -12.9026 -2.0730 14.0702 -13.6977 1.3059 16.0668 -14.1228 1.6279 15.5015 -14.0073 -12.1467 1.0693 -16.9163 -3.6004 42.9254 -30.4269 1.6279 15.5015 -14.0073 -77.8160 62.8959 20.1378 -134.0976 81.5646 -49.3851 -134.0976 58.2398 -49.3851 1.6279 15.5015 -14.0073 81.8333 9.3568 -15.4963 -28.3936 -73.6009 69.5412 -28.3936 -90.2034 69.5412 -23.9797 -11.8831 -15.0447 -22.3322 25.7965 -1.6543 -19.7663 4.2890 1.1217 -19.4232 11.2684 3.6315 12.8934 -20.2561 -0.5846 13.4359 15.4014 -13.3132 12.3218 -2.0348 -14.0801 12.3349 0.3756 -14.9585
4.6846 17.3043 -29.5999 -7.7075 9.6526 -13.0325 -2.1551 14.7469 -13.7369 1.2328 16.8969 -14.0355 1.5845 16.3272 -13.8467 -12.1233 1.8320 -16.4925 -4.0274 44.0147 -29.8536 1.5845 16.3272 -13.8467 -77.8276 62.2247 20.8664 -131.6875 79.2845 -48.8994 -131.6875 56.4093 -48.8994 1.5845 16.3272 -13.8467 82.2821 12.2628 -14.8945 -32.5215 -79.1767 71.8375 -32.5215 -91.0452 71.8375 -23.9975 -12.0465 -15.2202 -22.3635 25.7865 -1.7749 -19.7425 4.1612 1.1038 -19.4133 11.0224 3.5725 12.8398 -20.4665 -0.6054 13.4249 15.2366 -13.3497 12.3415 -2.0613 -14.0630 12.3544 0.5627 -15.0190
4.6903 17.3036 -29.6227 -7.7431 10.0481 -13.2204 -2.2866 15.4496 -13.7891 1.1278 17.7312 -13.9134 1.5377 17.1328 -13.6344 -12.1316 2.5584 -16.0549 -4.4229 45.0239 -29.3403 1.5377 17.1328 -13.6344 -77.8793 61.6641 21.5617 -129.5190 77.1960 -48.2857 -129.5190 54.8519 -48.2857 1.5377 17.1328 -13.6344 83.0083 15.5039 -14.4824 -35.1170 -83.6523 74.6576 -35.1170 -90.9885 74.6576 -24.0127 -12.1872 -15.4142 -22.3892 25.7840 -1.9193 -19.7180 4.2216 1.1037 -19.3785 11.1910 3.6105 12.7980 -20.6785 -0.6719 13.4278 15.0557 -13.4269 12.3902 -2.0916 -14.0280 12.4029 0.7166 -15.0511
4.6935 17.3051 -29.6418 -7.7789 10.4606 -13.4256 -2.4622 16.1898 -13.8274 0.9944 18.5604 -13.7512 1.4952 17.8786 -13.3789 -12.1796 3.2642 -15.6028 -4.7910 45.9551 -28.8782 1.4952 17.8786 -13.3789 -77.9742 61.2213 22.1972 -127.5906 75.3129 -47.5422 -127.5906 53.6501 -47.5422 1.4952 17.8786 -13.3789 83.8743 19.0037 -14.2879 -34.6087 -85.2624 78.2061 -34.6087 -88.1330 78.2061 -24.0219 -12.3250 -15.5721 -22.4120 25.7632 -2.0350 -19.7027 4.4799 1.1692 -19.3352 11.6802 3.7561 12.7684 -20.8796 -0.7816 13.4428 14.8627 -13.5395 12.4626 -2.1150 -13.9851 12.4751 0.8077 -15.0498
4.6939 17.3083 -29.6576 -7.8155 10.8995 -13.5984 -2.6652 16.9435 -13.8204 0.8394 19.3652 -13.5365 1.4464 18.5683 -13.0741 -12.2473 3.9184 -15.1263 -5.1373 46.8487 -28.4284 1.4464 18.5683 -13.0741 -78.1422 60.8843 22.6974 -125.8517 73.6146 -46.6459 -125.8517 52.8768 -46.6459 1.4464 18.5683 -13.0741 84.7901 22.5647 -14.0149 -25.6306 -78.4579 82.3938 -25.6306 -77.0057 82.3938 -24.0089 -12.5089 -15.6172 -22.4251 25.6910 -2.0402 -19.7164 4.8481 1.3040 -19.3132 12.2969 3.9758 12.7523 -21.0613 -0.8911 13.4685 14.6726 -13.6461 12.5473 -2.1117 -13.9352 12.5600 0.7813 -14.9891
4.6915 17.3122 -29.6720 -7.8577 11.3614 -13.7247 -2.9031 17.6999 -13.7664 0.6546 20.1330 -13.2867 1.3852 19.1908 -12.7486 -12.3174 4.5174 -14.6419 -5.4530 47.7346 -27.9709 1.3852 19.1908 -12.7486 -78.3955 60.6172 23.0507 -124.2581 72.0627 -45.6117 -124.2581 52.5802 -45.6117 1.3852 19.1908 -12.7486 85.6809 25.9212 -13.3986 18.4430 -36.3516 85.6680 18.4430 -30.6287 85.6680 -23.9603 -12.7688 -15.5176 -22.4206 25.5515 -1.8981 -19.7668 5.1912 1.4720 -19.3495 12.6164 4.1323 12.7513 -21.2252 -0.9546 13.5059 14.4928 -13.7039 12.6351 -2.0767 -13.8775 12.6480 0.6266 -14.8624
4.6872 17.3164 -29.6846 -7.8938 11.8071 -13.8233 -3.1542 18.4395 -13.6648 0.4461 20.8816 -12.9730 1.2955 19.7920 -12.3534 -12.4558 5.1605 -14.1069 -5.7093 48.5403 -27.5825 1.2955 19.7920 -12.3534 -78.7106 60.4033 23.2701 -122.8310 70.6812 -44.5022 -122.8310 52.6726 -44.5022 1.2955 19.7920 -12.3534 86.4598 28.9003 -12.5389 77.7436 21.4553 82.7562 77.7436 31.6511 82.7562 -23.8815 -13.0766 -15.2847 -22.3983 25.3652 -1.6230 -19.8480 5.4154 1.6360 -19.4585 12.3589 4.1239 12.7621 -21.3724 -0.9990 13.5519 14.3221 -13.7400 12.7237 -2.0264 -13.8303 12.7366 0.4283 -14.7247
4.6816 17.3209 -29.6949 -7.9342 12.2141 -13.8950 -3.4051 19.1514 -13.5174 0.2371 21.6250 -12.5958 1.1969 20.4057 -11.8854 -12.6723 5.8541 -13.5079 -5.9052 49.2357 -27.2643 1.1969 20.4057 -11.8854 -79.0525 60.2479 23.3694 -121.6150 69.5189 -43.3900 -121.6150 52.8806 -43.3900 1.1969 20.4057 -11.8854 87.1195 31.3552 -11.4639 92.9141 35.6821 76.4609 92.9141 50.5623 76.4609 -23.7888 -13.3696 -15.0024 -22.3622 25.1718 -1.3063 -19.9293 5.5223 1.7734 -19.5887 11.7634 4.0116 12.7856 -21.4836 -1.0342 13.6039 14.1716 -13.7613 12.8034 -1.9829 -13.8177 12.8161 0.2559 -14.6335
4.6758 17.3259 -29.7019 -7.9770 12.5873 -13.9290 -3.6302 19.8160 -13.3376 0.0561 22.3369 -12.1922 1.1124 21.0122 -11.3907 -12.8958 6.4493 -12.8897 -6.0993 49.9125 -26.9307 1.1124 21.0122 -11.3907 -79.3982 60.1710 23.3609 -120.6354 68.6038 -42.3130 -120.6354 53.0298 -42.3130 1.1124 21.0122 -11.3907 87.7165 33.2417 -10.0979 96.9163 39.1979 69.6174 96.9163 58.4817 69.6174 -23.7037 -13.5959 -14.7447 -22.3240 25.0041 -1.0286 -19.9936 5.5499 1.8734 -19.6965 11.1750 3.8926 12.8146 -21.5408 -1.0539 13.6514 14.0517 -13.7592 12.8630 -1.9567 -13.8268 12.8755 0.1501 -14.5946
4.6707 17.3320 -29.7053 -8.0168 12.9368 -13.9150 -3.8072 20.3986 -13.1358 -0.0860 22.9797 -11.7886 1.0378 21.5942 -10.8989 -13.0616 6.8503 -12.2959 -6.3389 50.6608 -26.5299 1.0378 21.5942 -10.8989 -79.7464 60.1808 23.2159 -119.8920 67.9491 -41.2965 -119.8920 53.1524 -41.2965 1.0378 21.5942 -10.8989 88.2030 34.8271 -8.4946 98.3821 40.5904 63.0740 98.3821 63.1496 63.0740 -23.6405 -13.7499 -14.5295 -22.2966 24.8647 -0.8085 -20.0412 5.5405 1.9611 -19.7741 10.7353 3.8271 12.8430 -21.5423 -1.0455 13.6874 13.9679 -13.7223 12.8979 -1.9401 -13.8397 12.9102 0.0732 -14.5735
4.6664 17.3388 -29.7049 -8.0442 13.2631 -13.8143 -3.9257 20.8800 -12.8828 -0.1888 23.5353 -11.3619 0.9667 22.1451 -10.3883 -13.1780 7.1750 -11.7059 -6.5981 51.4282 -26.0900 0.9667 22.1451 -10.3883 -80.1097 60.2801 22.9144 -119.3542 67.5336 -40.3291 -119.3542 53.4415 -40.3291 0.9667 22.1451 -10.3883 88.5330 36.4427 -6.8123 99.4185 41.9529 57.4543 99.4185 65.8758 57.4543 -23.5972 -13.8713 -14.3041 -22.2862 24.7267 -0.5889 -20.0910 5.5221 2.0806 -19.8437 10.4278 3.8436 12.8666 -21.4912 -0.9806 13.7072 13.9323 -13.6274 12.9002 -1.9143 -13.8497 12.9123 -0.0572 -14.5265
4.6630 17.3455 -29.7009 -8.0653 13.5532 -13.6096 -3.9692 21.2740 -12.5513 -0.2280 24.0171 -10.8639 0.9164 22.6647 -9.7939 -13.2437 7.4662 -11.0658 -6.8411 52.1433 -25.6128 0.9164 22.6647 -9.7939 -80.4892 60.4595 22.4713 -118.9718 67.3132 -39.3957 -118.9718 54.0237 -39.3957 0.9164 22.6647 -9.7939 88.7701 38.1353 -5.2512 100.3864 43.5249 52.9471 100.3864 66.2214 52.9471 -23.5674 -13.9875 -14.0428 -22.2895 24.5831 -0.3373 -20.1521 5.5033 2.2392 -19.9224 10.1453 3.9080 12.8825 -21.3892 -0.8615 13.7071 13.9553 -13.4809 12.8719 -1.8731 -13.8373 12.8833 -0.1913 -14.4503
4.6602 17.3510 -29.6938 -8.0904 13.7963 -13.3329 -3.9540 21.6138 -12.1456 -0.1920 24.4455 -10.2709 0.9216 23.1371 -9.0819 -13.2522 7.7169 -10.3531 -7.0676 52.7732 -25.0982 0.9216 23.1371 -9.0819 -80.8942 60.6725 21.8939 -118.7041 67.2376 -38.5357 -118.7041 54.8525 -38.5357 0.9216 23.1371 -9.0819 89.0091 39.6438 -4.0740 101.0604 44.8443 49.2893 101.0604 63.0952 49.2893 -23.5428 -14.1077 -13.7575 -22.2978 24.4441 -0.0590 -20.2239 5.4825 2.4052 -20.0114 9.8622 3.9803 12.8902 -21.2563 -0.7186 13.6904 14.0273 -13.3167 12.8248 -1.8245 -13.7969 12.8356 -0.2483 -14.3715
4.6578 17.3549 -29.6831 -8.0969 13.9709 -13.0183 -3.9216 21.9163 -11.6702 -0.1069 24.8470 -9.5798 1.0024 23.5761 -8.2628 -13.1967 7.9086 -9.5783 -7.2570 53.2996 -24.5654 1.0024 23.5761 -8.2628 -81.3402 60.8492 21.1737 -118.5415 67.2682 -37.8485 -118.5415 55.8155 -37.8485 1.0024 23.5761 -8.2628 89.2448 40.7964 -3.5367 101.3346 45.6490 46.1228 101.3346 56.3845 46.1228 -23.5172 -14.2378 -13.4335 -22.3051 24.3100 0.2628 -20.3181 5.4487 2.5482 -20.1188 9.6298 4.0523 12.8916 -21.1162 -0.5880 13.6631 14.1389 -13.1763 12.7685 -1.7794 -13.7524 12.7788 -0.2207 -14.3205
4.6549 17.3573 -29.6692 -8.0810 14.0936 -12.6352 -3.9183 22.1965 -11.1233 -0.0127 25.1927 -8.8480 1.1558 23.9055 -7.4413 -13.1212 8.0936 -8.8042 -7.3794 53.7156 -24.0524 1.1558 23.9055 -7.4413 -81.8253 60.9173 20.4035 -118.4764 67.3243 -37.4171 -118.4764 56.9295 -37.4171 1.1558 23.9055 -7.4413 89.4053 41.5221 -3.7074 101.1695 45.8669 43.1922 101.1695 48.9095 43.1922 -23.4850 -14.3913 -13.0650 -22.3089 24.1710 0.6352 -20.4399 5.4115 2.6610 -20.2468 9.5055 4.1340 12.8932 -20.9673 -0.4204 13.6304 14.2979 -13.0120 12.6904 -1.7323 -13.7323 12.7001 -0.2206 -14.2833
4.6515 17.3590 -29.6519 -8.0881 14.2225 -12.1113 -3.9113 22.4365 -10.4938 0.0875 25.4615 -8.1001 1.3130 24.1426 -6.6366 -13.0466 8.2760 -8.0508 -7.4240 54.0286 -23.5776 1.3130 24.1426 -6.6366 -82.3312 60.8642 19.6644 -118.5063 67.3636 -37.2476 -118.5063 58.1547 -37.2476 1.3130 24.1426 -6.6366 89.4092 42.0041 -4.4495 100.6994 45.7695 40.2719 100.6994 45.0515 40.2719 -23.4384 -14.5898 -12.6336 -22.3059 24.0080 1.0777 -20.5912 5.3607 2.7541 -20.4046 9.3667 4.1957 12.9062 -20.7915 -0.1920 13.6007 14.5106 -12.7960 12.5893 -1.6727 -13.7478 12.5981 -0.3223 -14.2401
4.6466 17.3614 -29.6276 -8.1120 14.3233 -11.2872 -3.8286 22.5526 -9.7195 0.1886 25.6314 -7.3516 1.3808 24.3549 -5.8773 -12.9971 8.4502 -7.3497 -7.4144 54.2694 -23.1572 1.3808 24.3549 -5.8773 -82.8461 60.6878 19.0043 -118.6470 67.3737 -37.3497 -118.6470 59.1936 -37.3497 1.3808 24.3549 -5.8773 89.2473 42.3822 -5.5541 100.0631 45.5745 37.3532 100.0631 46.1664 37.3532 -23.3679 -14.8387 -12.0696 -22.2911 23.7965 1.6532 -20.7846 5.2803 2.8474 -20.6041 9.2150 4.2637 12.9431 -20.5158 0.1450 13.5716 14.8348 -12.4752 12.4473 -1.5868 -13.7816 12.4551 -0.3772 -14.2225
4.6389 17.3642 -29.5945 -8.1407 14.3455 -10.2468 -3.6920 22.5130 -8.8737 0.2457 25.7043 -6.6705 1.3116 24.5701 -5.2316 -13.0232 8.5970 -6.7494 -7.3768 54.4658 -22.8147 1.3116 24.5701 -5.2316 -83.3645 60.4093 18.4478 -118.8997 67.3537 -37.6845 -118.8997 59.7976 -37.6845 1.3116 24.5701 -5.2316 88.9792 42.6614 -6.8151 99.3974 45.3556 34.7268 99.3974 48.9579 34.7268 -23.2852 -15.0681 -11.4512 -22.2624 23.5838 2.2758 -20.9779 5.1770 2.9411 -20.8016 9.0836 4.3476 13.0005 -20.1303 0.5849 13.5380 15.2736 -12.0529 12.2671 -1.4767 -13.7878 12.2740 -0.2427 -14.2374
4.6293 17.3656 -29.5553 -8.1612 14.3000 -9.2426 -3.5820 22.3864 -8.1178 0.2154 25.6923 -6.1467 1.1257 24.7120 -4.7771 -13.1616 8.7136 -6.3034 -7.3516 54.6273 -22.5657 1.1257 24.7120 -4.7771 -83.8944 60.0315 18.0005 -119.2425 67.2853 -38.2124 -119.2425 59.8151 -38.2124 1.1257 24.7120 -4.7771 88.6782 42.8943 -8.1461 98.8980 45.2193 32.7028 98.8980 49.2210 32.7028 -23.2167 -15.2204 -10.9045 -22.2297 23.4429 2.8247 -21.1264 5.0595 3.0351 -20.9554 8.9218 4.4261 13.0576 -19.7157 1.0490 13.4943 15.7755 -11.6178 12.0706 -1.3649 -13.7448 12.0767 0.0107 -14.2459
4.6205 17.3637 -29.5155 -8.1849 14.2701 -8.5957 -3.5685 22.2687 -7.6456 0.0762 25.6307 -5.8390 0.8539 24.7493 -4.5200 -13.3591 8.7691 -6.0240 -7.3547 54.7384 -22.3578 0.8539 24.7493 -4.5200 -84.4576 59.5163 17.6453 -119.6146 67.1116 -38.9116 -119.6146 59.2749 -38.9116 0.8539 24.7493 -4.5200 88.3928 43.0499 -9.4713 98.5734 45.1152 31.3376 98.5734 46.0073 31.3376 -23.1864 -15.2720 -10.5577 -22.2072 23.4273 3.1820 -21.2049 4.9625 3.1096 -21.0381 8.7945 4.4900 13.0928 -19.4482 1.3566 13.4528 16.2129 -11.3678 11.9187 -1.2742 -13.7183 11.9240 0.0915 -14.2158
4.6125 17.3587 -29.4761 -8.1857 14.2444 -8.2312 -3.6393 22.1532 -7.4039 -0.1633 25.5149 -5.7288 0.5140 24.6745 -4.4645 -13.5714 8.7641 -5.9123 -7.3748 54.7790 -22.1441 0.5140 24.6745 -4.4645 -85.0799 58.8105 17.3676 -119.9132 66.7377 -39.7413 -119.9132 58.5084 -39.7413 0.5140 24.6745 -4.4645 88.1256 42.8814 -10.7729 98.1317 44.7049 30.3721 98.1317 41.6246 30.3721 -23.1840 -15.2484 -10.3785 -22.1905 23.5131 3.3804 -21.2318 4.8971 3.1526 -21.0651 8.7539 4.5420 13.1119 -19.3398 1.5144 13.4206 16.5835 -11.2993 11.8119 -1.1853 -13.7549 11.8165 -0.0535 -14.1672
4.6034 17.3521 -29.4367 -8.1698 14.2065 -7.9761 -3.7800 21.9971 -7.2742 -0.4877 25.3306 -5.7646 0.1242 24.5155 -4.5945 -13.7943 8.7323 -5.9420 -7.3760 54.7211 -21.9218 0.1242 24.5155 -4.5945 -85.7728 57.8756 17.1552 -120.0460 66.0857 -40.6680 -120.0460 57.7568 -40.6680 0.1242 24.5155 -4.5945 87.9333 42.1093 -11.9250 97.2626 43.6287 29.4160 97.2626 38.6020 29.4160 -23.1886 -15.1666 -10.3323 -22.1659 23.6615 3.4474 -21.2089 4.8641 3.1625 -21.0400 8.7742 4.5712 13.1362 -19.3091 1.6453 13.4038 16.9402 -11.2794 11.7229 -1.0778 -13.8376 11.7261 -0.4015 -14.0840
4.5932 17.3443 -29.3937 -8.1282 14.0958 -7.6615 -3.9282 21.7354 -7.1329 -0.8447 25.0633 -5.8630 -0.2932 24.3125 -4.8341 -14.0189 8.6634 -6.0721 -7.3578 54.5385 -21.7339 -0.2932 24.3125 -4.8341 -86.5364 56.7117 16.9760 -119.9749 65.1407 -41.6760 -119.9749 56.9824 -41.6760 -0.2932 24.3125 -4.8341 87.8463 40.6864 -12.8481 95.9331 41.8507 28.3160 95.9331 37.0808 28.3160 -23.1892 -15.0571 -10.2831 -22.1305 23.8374 3.5168 -21.1721 4.8203 3.1717 -21.0020 8.7724 4.5956 13.1726 -19.2628 1.7892 13.3891 17.3647 -11.2639 11.6237 -0.9477 -13.9301 11.6247 -0.7576 -13.9994
4.5838 17.3352 -29.3466 -8.1098 13.9264 -7.3812 -4.0659 21.3770 -7.0287 -1.1932 24.7339 -5.9932 -0.7207 24.1053 -5.0946 -14.2285 8.5062 -6.2570 -7.3127 54.2184 -21.6123 -0.7207 24.1053 -5.0946 -87.3523 55.3856 16.7917 -119.7364 63.9761 -42.7418 -119.7364 55.9603 -42.7418 -0.7207 24.1053 -5.0946 87.8448 38.6941 -13.5518 94.2762 39.5102 27.2022 94.2762 35.7166 27.2022 -23.1938 -14.9176 -10.2412 -22.0902 24.0541 3.5819 -21.1218 4.7770 3.1863 -20.9492 8.7939 4.6335 13.2100 -19.2281 1.8781 13.3721 17.8221 -11.3183 11.5326 -0.8062 -14.0296 11.5314 -1.0072 -13.9563
4.5761 17.3249 -29.2965 -8.1335 13.7224 -7.2181 -4.2096 20.9809 -7.0115 -1.5264 24.3647 -6.1653 -1.1395 23.8608 -5.3672 -14.4318 8.2590 -6.4878 -7.2180 53.7548 -21.5749 -1.1395 23.8608 -5.3672 -88.2010 53.9780 16.5653 -119.4113 62.7010 -43.8638 -119.4113 54.3984 -43.8638 -1.1395 23.8608 -5.3672 87.8735 36.3056 -14.1268 92.4432 36.8189 26.2256 92.4432 33.5216 26.2256 -23.2134 -14.7332 -10.2635 -22.0514 24.3314 3.5876 -21.0434 4.7658 3.2054 -20.8717 8.7726 4.6490 13.2386 -19.2270 1.8803 13.3516 18.2572 -11.4630 11.4638 -0.6498 -14.1405 11.4606 -1.1702 -13.9509
4.5699 17.3141 -29.2452 -8.1760 13.5146 -7.2236 -4.3881 20.6007 -7.1129 -1.8663 23.9636 -6.4030 -1.5406 23.5257 -5.6853 -14.6532 7.9694 -6.7715 -7.0510 53.1483 -21.6245 -1.5406 23.5257 -5.6853 -89.0670 52.4835 16.2891 -119.0436 61.3527 -45.1313 -119.0436 52.0297 -45.1313 -1.5406 23.5257 -5.6853 87.9168 33.5964 -14.5951 90.4766 33.8521 25.3690 90.4766 30.5623 25.3690 -23.2552 -14.4807 -10.4022 -22.0183 24.6737 3.4753 -20.9218 4.8094 3.2195 -20.7534 8.7366 4.6344 13.2575 -19.2654 1.8099 13.3316 18.6363 -11.6745 11.4205 -0.4821 -14.2673 11.4152 -1.3673 -13.9447
4.5652 17.3037 -29.1909 -8.1940 13.3042 -7.3692 -4.5844 20.2288 -7.3165 -2.2168 23.5161 -6.7081 -1.9304 23.0823 -6.0626 -14.8887 7.6359 -7.1189 -6.8086 52.4096 -21.7516 -1.9304 23.0823 -6.0626 -89.9382 50.8414 15.9905 -118.5787 59.8655 -46.6204 -118.5787 48.8831 -46.6204 -1.9304 23.0823 -6.0626 87.9160 30.7337 -14.9405 88.4285 30.7791 24.5131 88.4285 27.2130 24.5131 -23.3217 -14.1489 -10.6106 -21.9950 25.0641 3.2821 -20.7769 4.8899 3.2223 -20.6077 8.7945 4.6289 13.2668 -19.3350 1.6478 13.3121 18.9541 -11.9673 11.4026 -0.3042 -14.4324 11.3939 -1.6606 -13.9380
4.5627 17.2957 -29.1330 -8.1961 13.1178 -7.6150 -4.7745 19.8376 -7.6018 -2.5625 23.0145 -7.0712 -2.3152 22.5736 -6.4863 -15.0966 7.2490 -7.5212 -6.4831 51.5671 -21.9169 -2.3152 22.5736 -6.4863 -90.8030 49.0328 15.6591 -117.9386 58.1852 -48.3323 -117.9386 45.1984 -48.3323 -2.3152 22.5736 -6.4863 87.8200 27.8958 -15.1485 86.3828 27.7838 23.5834 86.3828 23.7459 23.5834 -23.4003 -13.7669 -10.7844 -21.9809 25.4425 3.1016 -20.6503 4.9661 3.2113 -20.4741 8.9628 4.6505 13.2670 -19.4152 1.3983 13.2915 19.2112 -12.3305 11.4062 -0.1260 -14.6302 11.3927 -2.0330 -13.9351
4.5626 17.2912 -29.0712 -8.1840 12.9157 -7.8523 -4.9377 19.5076 -7.8682 -2.8742 22.5494 -7.3968 -2.6708 22.0347 -6.8591 -15.2025 6.6816 -7.9360 -6.0726 50.6305 -22.0908 -2.6708 22.0347 -6.8591 -91.6475 47.0911 15.2429 -117.0976 56.3257 -50.2536 -117.0976 41.2150 -50.2536 -2.6708 22.0347 -6.8591 87.6097 25.1500 -15.2181 84.3862 24.9322 22.5477 84.3862 20.1277 22.5477 -23.4871 -13.3433 -10.9040 -21.9759 25.7937 2.9511 -20.5484 5.0238 3.1907 -20.3600 9.2072 4.6965 13.2609 -19.4390 1.1278 13.2582 19.4616 -12.6930 11.4027 0.0462 -14.8171 11.3841 -2.3786 -13.9332
4.5648 17.2875 -29.0074 -8.1955 12.7394 -8.1518 -5.0612 19.1339 -8.2028 -3.1514 22.0416 -7.7743 -3.0310 21.4941 -7.2595 -15.3168 6.1159 -8.3749 -5.5974 49.6206 -22.3110 -3.0310 21.4941 -7.2595 -92.4344 45.0947 14.7725 -116.0996 54.3620 -52.3786 -116.0996 37.2151 -52.3786 -3.0310 21.4941 -7.2595 87.2880 22.5202 -15.1621 82.4748 22.2438 21.4102 82.4748 16.3045 21.4102 -23.5746 -12.9066 -10.9797 -21.9744 26.1232 2.8320 -20.4656 5.0708 3.1650 -20.2567 9.5786 4.7866 13.2419 -19.4283 0.8450 13.2087 19.7013 -13.0520 11.3985 0.2032 -14.9591 11.3761 -2.6176 -13.9308
4.5688 17.2831 -28.9418 -8.2133 12.5766 -8.4585 -5.1245 18.6675 -8.5865 -3.3911 21.4505 -8.2280 -3.4071 20.9390 -7.7337 -15.5075 5.6482 -8.8531 -5.0702 48.5359 -22.6107 -3.4071 20.9390 -7.7337 -93.1145 43.1639 14.3167 -115.0741 52.4615 -54.7207 -115.0741 33.4773 -54.7207 -3.4071 20.9390 -7.7337 86.8566 20.0448 -15.0111 80.6861 19.7529 20.1749 80.6861 12.4791 20.1749 -23.6614 -12.4769 -11.0169 -21.9749 26.4435 2.7502 -20.3987 5.1076 3.1408 -20.1667 9.9724 4.8896 13.2100 -19.3835 0.5782 13.1390 19.9634 -13.3906 11.3836 0.3604 -15.0496 11.3597 -2.7249 -13.9248
4.5744 17.2781 -28.8741 -8.2470 12.4050 -8.7475 -5.1339 18.1541 -8.9776 -3.5821 20.8200 -8.7009 -3.7768 20.3739 -8.2191 -15.7312 5.2237 -9.3463 -4.4867 47.3489 -22.9835 -3.7768 20.3739 -8.2191 -93.6540 41.4162 13.8902 -114.1872 50.8351 -57.3011 -114.1872 30.2940 -57.3011 -3.7768 20.3739 -8.2191 86.3295 17.7188 -14.8294 79.0220 17.4492 18.8706 79.0220 9.1248 18.8706 -23.7543 -12.0470 -11.0502 -21.9800 26.7753 2.6753 -20.3341 5.1459 3.1222 -20.0821 10.3043 4.9755 13.1699 -19.3219 0.3458 13.0546 20.2587 -13.6997 11.3508 0.5411 -15.1222 11.3257 -2.8184 -13.8976
4.5812 17.2726 -28.8126 -8.2766 12.2898 -8.8984 -5.1305 17.8332 -9.2417 -3.7353 20.3300 -9.0620 -4.0921 19.8211 -8.6035 -15.8815 4.6682 -9.8076 -3.8334 46.0282 -23.3790 -4.0921 19.8211 -8.6035 -94.0258 39.9431 13.4691 -113.6253 49.7118 -60.1417 -113.6253 27.9632 -60.1417 -4.0921 19.8211 -8.6035 85.7319 15.5101 -14.6917 77.4554 15.2943 17.5565 77.4554 6.5386 17.5565 -23.8370 -11.6984 -11.0811 -21.9870 27.0743 2.6200 -20.2838 5.1798 3.1028 -20.0176 10.5368 5.0266 13.1305 -19.2997 0.2039 12.9717 20.5803 -13.9403 11.2935 0.7612 -15.2135 11.2665 -2.9655 -13.8552
4.5877 17.2655 -28.7647 -8.2951 12.3439 -8.9670 -5.1733 17.7079 -9.4342 -3.8978 19.9498 -9.3856 -4.3494 19.2748 -8.9873 -16.0165 4.1555 -10.2598 -3.1061 44.5842 -23.7730 -4.3494 19.2748 -8.9873 -94.2019 38.8141 13.0586 -113.6359 49.3680 -63.2503 -113.6359 26.7189 -63.2503 -4.3494 19.2748 -8.9873 85.0851 13.4383 -14.6352 75.9802 13.3021 16.2838 75.9802 4.6938 16.2838 -23.8833 -11.5102 -11.0550 -21.9853 27.2798 2.6464 -20.2745 5.1923 3.0795 -19.9991 10.6808 5.0501 13.0939 -19.3916 0.1459 12.9057 20.8944 -14.1333 11.2317 1.0260 -15.3418 11.2028 -3.1409 -13.8232
4.5968 17.2565 -28.7129 -8.2766 12.3545 -9.1485 -5.2235 17.5451 -9.6858 -4.0414 19.5479 -9.7229 -4.5421 18.7206 -9.3755 -16.1519 3.7185 -10.6954 -2.2949 43.0277 -24.1558 -4.5421 18.7206 -9.3755 -94.1844 38.0455 12.6220 -114.5518 50.1328 -66.6220 -114.5518 26.6920 -66.6220 -4.5421 18.7206 -9.3755 84.4110 11.5441 -14.6628 74.6085 11.5069 15.0816 74.6085 3.3932 15.0816 -23.9723 -11.2529 -11.1004 -22.0103 27.5501 2.5986 -20.2488 5.2260 3.0600 -19.9674 10.7851 5.0555 13.0339 -19.5483 0.0168 12.8206 21.2314 -14.4268 11.1754 1.3303 -15.5064 11.1451 -3.3116 -13.8150
4.6093 17.2462 -28.6468 -8.2338 12.2061 -9.5704 -5.2499 17.2102 -10.0767 -4.1403 19.0596 -10.0825 -4.6794 18.1773 -9.7284 -16.2766 3.3725 -11.0951 -1.4136 41.3602 -24.5341 -4.6794 18.1773 -9.7284 -94.0047 37.5834 12.1010 -116.8077 52.4066 -70.2131 -116.8077 28.1691 -70.2131 -4.6794 18.1773 -9.7284 83.7387 9.8509 -14.7629 73.3464 9.9231 13.9938 73.3464 2.5089 13.9938 -24.1474 -10.7803 -11.2895 -22.0801 27.9697 2.3814 -20.1651 5.3019 3.0498 -19.8766 10.9274 5.0684 12.9395 -19.7520 -0.2691 12.7037 21.5876 -14.8986 11.1302 1.6860 -15.7440 11.0964 -3.6230 -13.8097
4.6227 17.2343 -28.5771 -8.1590 12.0099 -10.0500 -5.2696 16.8520 -10.4679 -4.2164 18.5923 -10.3817 -4.7693 17.6879 -9.9954 -16.3635 3.0820 -11.4308 -0.4765 39.6121 -24.8929 -4.7693 17.6879 -9.9954 -93.7086 37.3283 11.4221 -121.0761 56.8192 -73.9119 -121.0761 31.9397 -73.9119 -4.7693 17.6879 -9.9954 83.1044 8.3031 -14.9203 72.1735 8.4886 13.0389 72.1735 1.8523 13.0389 -24.3417 -10.2648 -11.4761 -22.1633 28.4073 2.1567 -20.0813 5.3703 3.0434 -19.7838 11.0904 5.0952 12.8208 -20.0066 -0.5601 12.5593 22.0094 -15.4139 11.0801 2.1150 -15.9756 11.0492 -3.7239 -13.8489
4.6345 17.2217 -28.5158 -8.0473 11.8796 -10.3817 -5.3298 16.6575 -10.7252 -4.2982 18.2481 -10.5938 -4.7851 17.2250 -10.2180 -16.4105 2.8120 -11.7217 0.5083 37.8472 -25.2007 -4.7851 17.2250 -10.2180 -93.3369 37.1914 10.5558 -128.7297 64.7075 -77.5177 -128.7297 39.5993 -77.5177 -4.7851 17.2250 -10.2180 82.5266 6.8210 -15.1181 71.0585 7.1223 12.2016 71.0585 1.1845 12.2016 -24.4899 -9.8767 -11.5456 -22.2287 28.7352 2.0568 -20.0493 5.4035 3.0377 -19.7433 11.2264 5.1258 12.6963 -20.3324 -0.7143 12.4040 22.5286 -15.8474 11.0072 2.6580 -16.1731 10.9910 -3.4637 -13.9449
4.6460 17.2093 -28.4546 -7.9313 11.7441 -10.6928 -5.4024 16.4848 -10.9490 -4.3613 17.9283 -10.7676 -4.7426 16.7747 -10.4064 -16.4409 2.5744 -11.9743 1.5086 36.1573 -25.4734 -4.7426 16.7747 -10.4064 -92.9083 37.1362 9.5020 -142.8645 79.1494 -80.6782 -142.8645 54.3634 -80.6782 -4.7426 16.7747 -10.4064 82.0269 5.3372 -15.3376 69.9912 5.7577 11.4565 69.9912 0.3395 11.4565 -24.6287 -9.4973 -11.5912 -22.2901 29.0383 1.9752 -20.0227 5.4332 3.0347 -19.7117 11.3125 5.1426 12.5621 -20.7560 -0.8353 12.2426 23.1040 -16.2981 10.9250 3.3252 -16.4289 10.9280 -3.1848 -14.0614
4.6580 17.1983 -28.3912 -7.7847 11.5902 -10.9816 -5.4581 16.2689 -11.1474 -4.4005 17.5908 -10.9186 -4.6602 16.3467 -10.5754 -16.4502 2.3960 -12.2082 2.4729 34.5892 -25.7372 -4.6602 16.3467 -10.5754 -92.4214 37.1737 8.2984 -167.9815 104.6410 -82.6374 -167.9815 80.6993 -82.6374 -4.6602 16.3467 -10.5754 81.6227 3.8657 -15.5728 68.9851 4.4071 10.8114 68.9851 -0.7094 10.8114 -24.7776 -9.0873 -11.6113 -22.3630 29.3257 1.9027 -20.0059 5.4619 3.0468 -19.6918 11.3696 5.1646 12.4123 -21.3040 -1.0028 12.0794 23.6911 -16.8395 10.8384 4.1435 -16.8330 10.8625 -3.1366 -14.1880
4.6710 17.1879 -28.3274 -7.5952 11.4294 -11.2016 -5.4831 16.0135 -11.2945 -4.4132 17.2572 -11.0443 -4.5448 15.9842 -10.7325 -16.4286 2.2515 -12.4256 3.3900 33.1608 -25.9789 -4.5448 15.9842 -10.7325 -91.8734 37.3264 6.9764 161.3127 135.7878 -82.4414 161.3127 113.1649 -82.4414 -4.5448 15.9842 -10.7325 81.3248 2.4373 -15.8161 68.0578 3.0987 10.2736 68.0578 -1.9488 10.2736 -24.9371 -8.6738 -11.5913 -22.4519 29.5860 1.8595 -20.0142 5.4855 3.0750 -19.6927 11.4838 5.2247 12.2381 -21.9124 -1.1563 11.8868 24.3638 -17.4125 10.7421 5.1193 -17.2528 10.8037 -2.7357 -14.4034
4.6850 17.1772 -28.2645 -7.3689 11.2781 -11.3268 -5.4910 15.8245 -11.3781 -4.3992 16.9787 -11.1536 -4.3777 15.6329 -10.9007 -16.3721 2.0785 -12.6482 4.2403 31.8918 -26.1877 -4.3777 15.6329 -10.9007 -91.2561 37.6235 5.6080 140.3624 157.2464 -80.4530 140.3624 136.4072 -80.4530 -4.3777 15.6329 -10.9007 81.1323 1.0303 -16.0429 67.2095 1.8092 9.8221 67.2095 -3.4169 9.8221 -25.1053 -8.2777 -11.5458 -22.5570 29.8150 1.8374 -20.0447 5.5057 3.1206 -19.7115 11.6536 5.3231 12.0463 -22.5646 -1.2299 11.6689 25.1242 -17.9456 10.6132 6.2616 -17.6803 10.7302 -1.9058 -14.7248
4.6986 17.1673 -28.2021 -7.1307 11.1477 -11.4142 -5.5047 15.7478 -11.4311 -4.3757 16.7643 -11.2475 -4.1760 15.2453 -11.0643 -16.2827 1.8605 -12.8780 4.9879 30.8173 -26.3837 -4.1760 15.2453 -11.0643 -90.5679 38.0778 4.2552 129.6970 168.4826 -77.7951 129.6970 149.8847 -77.7951 -4.1760 15.2453 -11.0643 81.0450 -0.4112 -16.2234 66.4442 0.4836 9.4089 66.4442 -5.0780 9.4089 -25.2745 -7.8811 -11.4999 -22.6681 30.0197 1.8075 -20.0726 5.5176 3.1805 -19.7284 11.8079 5.4331 11.8522 -23.2813 -1.1950 11.4529 25.9115 -18.3971 10.4263 7.5662 -18.1925 10.6131 -0.6546 -15.2284
4.7124 17.1592 -28.1389 -6.8860 11.0233 -11.4945 -5.5539 15.8432 -11.4579 -4.3490 16.6590 -11.3097 -3.9114 14.8093 -11.2029 -16.1585 1.5359 -13.1110 5.6538 29.9203 -26.5831 -3.9114 14.8093 -11.2029 -89.8440 38.6634 2.9731 124.5097 174.2665 -75.0739 124.5097 158.2660 -75.0739 -3.9114 14.8093 -11.2029 81.0507 -1.8135 -16.3974 65.7734 -0.8010 9.0280 65.7734 -6.7895 9.0280 -25.4607 -7.4412 -11.4882 -22.7941 30.2267 1.7291 -20.0841 5.5379 3.2535 -19.7311 11.9357 5.5438 11.6576 -24.1073 -1.1097 11.2606 26.6478 -18.8154 10.1523 9.0206 -18.9312 10.4163 1.0544 -16.0746
4.7262 17.1530 -28.0742 -6.6668 10.9053 -11.5828 -5.6962 16.1964 -11.4480 -4.3316 16.7304 -11.3177 -3.5396 14.3263 -11.2971 -15.9585 1.0059 -13.3472 6.2671 29.1628 -26.7750 -3.5396 14.3263 -11.2971 -89.1415 39.3723 1.8404 122.1376 177.1955 -72.5166 122.1376 163.9679 -72.5166 -3.5396 14.3263 -11.2971 81.1376 -2.9954 -16.6199 65.2279 -1.8661 8.7288 65.2279 -8.3756 8.7288 -25.6366 -7.0034 -11.4273 -22.9150 30.4126 1.6930 -20.1007 5.5504 3.3513 -19.7424 12.0123 5.6640 11.4800 -25.0167 -1.0211 11.1084 27.3274 -19.2368 9.7835 10.5380 -19.9294 10.1094 3.4738 -17.4171
4.7399 17.1472 -28.0073 -6.4833 10.8361 -11.6129 -5.7134 16.4054 -11.4557 -4.2831 16.7833 -11.3740 -3.3114 14.0607 -11.4174 -15.8254 0.6487 -13.5725 6.8191 28.5271 -26.9974 -3.3114 14.0607 -11.4174 -88.4562 40.2428 0.9085 121.5057 178.3361 -70.2021 121.5057 167.9672 -70.2021 -3.3114 14.0607 -11.4174 81.3260 -3.9741 -16.8346 64.8281 -2.7427 8.5408 64.8281 -9.7932 8.5408 -25.7784 -6.6308 -11.2545 -23.0154 30.5513 1.7749 -20.1467 5.5361 3.4771 -19.7861 12.0342 5.8024 11.3469 -25.9741 -0.9618 11.0229 27.9348 -19.6772 9.3103 11.9914 -21.2208 9.6490 6.4131 -19.2596
4.7530 17.1411 -27.9382 -6.3171 10.8256 -11.5615 -5.5619 16.3506 -11.4961 -4.2081 16.7428 -11.5221 -3.2883 14.0564 -11.6148 -15.8127 0.6115 -13.7946 7.3060 28.0032 -27.2578 -3.2883 14.0564 -11.6148 -87.8022 41.3345 0.1989 122.1819 178.0955 -68.1691 122.1819 170.8227 -68.1691 -3.2883 14.0564 -11.6148 81.6114 -4.8125 -16.9810 64.5828 -3.5030 8.4398 64.5828 -10.9990 8.4398 -25.8965 -6.3129 -11.0201 -23.1002 30.6655 1.9289 -20.2142 5.5068 3.6066 -19.8477 12.0986 5.9649 11.2775 -26.9519 -0.9535 11.0230 28.4529 -20.1443 8.7452 13.1862 -22.7722 9.0228 9.4856 -21.4892
4.7652 17.1338 -27.8670 -6.1445 10.8361 -11.4569 -5.3929 16.2901 -11.5157 -4.1393 16.7197 -11.6834 -3.2965 14.1075 -11.8390 -15.8428 0.7045 -14.0141 7.7474 27.5852 -27.5458 -3.2965 14.1075 -11.8390 -87.2634 42.6594 -0.2640 123.9114 176.6488 -66.5076 123.9114 172.9772 -66.5076 -3.2965 14.1075 -11.8390 81.9869 -5.2538 -17.1262 64.5242 -3.9039 8.5482 64.5242 -12.2479 8.5482 -26.0277 -5.9809 -10.8359 -23.1920 30.8098 2.0376 -20.2687 5.4907 3.7216 -19.8851 12.3146 6.1617 11.2682 -27.9258 -0.9991 11.1061 28.8602 -20.6272 8.1708 13.8880 -24.3822 8.3215 12.1474 -23.7868
4.7769 17.1265 -27.7942 -5.9677 10.8436 -11.3177 -5.3380 16.4809 -11.4606 -4.1006 16.8439 -11.7752 -3.1859 14.0554 -12.0261 -15.8114 0.6854 -14.2301 8.1353 27.3059 -27.8419 -3.1859 14.0554 -12.0261 -86.9467 44.1384 -0.4373 126.4755 174.1330 -65.3616 126.4755 174.7836 -65.3616 -3.1859 14.0554 -12.0261 82.4360 -5.3839 -17.3105 64.5989 -4.0164 8.8137 64.5989 -13.3509 8.8137 -26.1641 -5.6408 -10.6681 -23.2861 30.9716 2.1326 -20.3158 5.4801 3.8354 -19.9038 12.6717 6.4048 11.3154 -28.9054 -1.0795 11.2900 29.0486 -21.0781 7.6822 14.0141 -25.9148 7.6908 13.9223 -25.8837
4.7885 17.1189 -27.7196 -5.8011 10.8707 -11.0967 -5.2570 16.7485 -11.3510 -4.0560 17.0619 -11.8341 -3.1046 14.0818 -12.1847 -15.7861 0.6545 -14.4303 8.4364 27.2324 -28.1783 -3.1046 14.0818 -12.1847 -86.8731 45.6564 -0.3328 129.9173 170.5389 -64.8739 129.9173 176.1213 -64.8739 -3.1046 14.0818 -12.1847 82.9703 -5.2985 -17.5178 64.7927 -3.9339 9.2114 64.7927 -14.2662 9.2114 -26.2973 -5.3232 -10.4866 -23.3790 31.1301 2.2477 -20.3644 5.4739 3.9657 -19.9250 13.0080 6.6552 11.4074 -29.8717 -1.1404 11.5762 28.9309 -21.4116 7.3347 13.7087 -27.2966 7.2261 14.8330 -27.6755
4.7999 17.1103 -27.6436 -5.6712 10.9222 -10.8197 -5.1697 17.1158 -11.2156 -4.0090 17.4000 -11.8940 -3.0420 14.2060 -12.3540 -15.7516 0.5892 -14.6466 8.6189 27.3698 -28.5550 -3.0420 14.2060 -12.3540 -87.0138 47.1713 0.0125 134.5630 165.6170 -65.0335 134.5630 176.4181 -65.0335 -3.0420 14.2060 -12.3540 83.5587 -5.1058 -17.6904 65.1010 -3.7639 9.6588 65.1010 -14.9229 9.6588 -26.4315 -5.0246 -10.3314 -23.4703 31.3081 2.3495 -20.4006 5.4917 4.1016 -19.9464 13.1946 6.8499 11.5334 -30.7918 -1.1388 11.9493 28.4929 -21.5697 7.1960 13.1038 -28.4120 7.0058 15.0782 -29.0767
4.8109 17.0987 -27.5670 -5.5727 10.9998 -10.5115 -5.0847 17.5390 -11.0841 -3.9629 17.8269 -11.9971 -2.9859 14.4346 -12.5857 -15.7153 0.5878 -14.8988 8.6762 27.6674 -28.9637 -2.9859 14.4346 -12.5857 -87.3269 48.6909 0.4984 140.8756 158.9964 -65.6493 140.8756 174.9135 -65.6493 -2.9859 14.4346 -12.5857 84.1760 -4.6875 -17.8164 65.5556 -3.4024 10.2050 65.5556 -15.3933 10.2050 -26.5650 -4.7492 -10.2079 -23.5567 31.5132 2.4364 -20.4243 5.5245 4.2292 -19.9670 13.2459 6.9832 11.6728 -31.6276 -1.0441 12.3694 27.7864 -21.5244 7.3467 12.2430 -29.0488 7.0896 14.9820 -29.9728
4.8219 17.0849 -27.4896 -5.4846 11.1110 -10.2011 -4.9838 17.9428 -10.9623 -3.9164 18.3029 -12.1133 -2.9575 14.8126 -12.8281 -15.7033 0.7601 -15.1287 8.6431 28.0644 -29.3971 -2.9575 14.8126 -12.8281 -87.7949 50.2139 0.9509 149.4540 150.1886 -66.4415 149.4540 170.7166 -66.4415 -2.9575 14.8126 -12.8281 84.8052 -4.1859 -17.8817 66.1181 -2.9772 10.7588 66.1181 -15.3614 10.7588 -26.6622 -4.5374 -9.9936 -23.6137 31.6983 2.6288 -20.4751 5.5216 4.3517 -20.0184 13.2357 7.1029 11.8236 -32.3959 -0.8633 12.8335 26.8094 -21.2851 7.7908 11.1716 -29.2146 7.5002 14.4429 -30.3243
4.8319 17.0695 -27.4106 -5.3779 11.2546 -9.9137 -4.8764 18.3699 -10.8137 -3.8736 18.8486 -12.1376 -2.9464 15.3159 -12.9445 -15.7101 1.0789 -15.2436 8.5622 28.5340 -29.8432 -2.9464 15.3159 -12.9445 -88.4349 51.7059 1.1445 160.9803 138.6476 -67.0296 160.9803 162.8819 -67.0296 -2.9464 15.3159 -12.9445 85.4482 -3.5936 -17.9217 66.7864 -2.4706 11.3037 66.7864 -14.7768 11.3037 -26.7131 -4.3868 -9.6443 -23.6351 31.8424 2.9626 -20.5568 5.4614 4.4904 -20.1050 13.1519 7.2336 11.9861 -33.0992 -0.6124 13.3320 25.5927 -20.8757 8.4732 9.8403 -28.9581 8.1920 13.3266 -30.1515
4.8403 17.0532 -27.3288 -5.2354 11.4220 -9.6406 -4.7659 18.8115 -10.6160 -3.8295 19.4317 -12.0385 -2.9299 15.8883 -12.9027 -15.7600 1.5859 -15.2199 8.4258 29.0786 -30.3242 -2.9299 15.8883 -12.9027 -89.2474 53.2303 0.9114 175.5397 124.4301 -66.6992 175.5397 151.2630 -66.6992 -2.9299 15.8883 -12.9027 86.0996 -2.7655 -17.9644 67.6095 -1.7424 11.8880 67.6095 -13.8336 11.8880 -26.7435 -4.2529 -9.2323 -23.6385 31.9788 3.3613 -20.6460 5.3748 4.6438 -20.1974 13.0743 7.3905 12.1665 -33.7488 -0.3329 13.8627 24.1683 -20.3484 9.3038 8.1692 -28.4138 9.0904 11.3063 -29.5019
4.8475 17.0345 -27.2449 -5.0896 11.6466 -9.4669 -4.6791 19.2867 -10.4412 -3.7799 20.0158 -11.8774 -2.8794 16.4442 -12.7609 -15.8620 2.2974 -15.1041 8.1912 29.7545 -30.8694 -2.8794 16.4442 -12.7609 -90.1797 54.9311 0.1534 -168.7495 109.5829 -64.6219 -168.7495 138.0157 -64.6219 -2.8794 16.4442 -12.7609 86.7533 -1.4855 -18.0269 68.6657 -0.5922 12.6117 68.6657 -12.7533 12.6117 -26.7898 -4.0939 -8.8773 -23.6474 32.1631 3.7097 -20.7074 5.3059 4.7967 -20.2577 13.0591 7.5625 12.3656 -34.3935 -0.0666 14.4305 22.5401 -19.7591 10.1972 6.2437 -27.8060 10.0814 8.4862 -28.5957
4.8529 17.0145 -27.1586 -4.9859 11.9623 -9.3626 -4.6254 19.7870 -10.2929 -3.7214 20.5799 -11.6947 -2.7937 16.9723 -12.5753 -15.9909 3.1416 -14.9427 7.8320 30.6582 -31.4751 -2.7937 16.9723 -12.5753 -91.1574 56.8436 -1.1227 -154.7646 97.1266 -60.6593 -154.7646 126.7988 -60.6593 -2.7937 16.9723 -12.5753 87.3907 0.2082 -18.0507 69.9650 0.9401 13.4530 69.9650 -11.4742 13.4530 -26.8419 -3.9261 -8.5755 -23.6538 32.3867 4.0143 -20.7409 5.2506 4.9433 -20.2880 13.0756 7.7343 12.5852 -35.0142 0.1834 15.0163 20.7888 -19.1284 11.0840 4.1760 -27.2471 11.0340 5.6263 -27.7646
4.8566 16.9962 -27.0672 -4.9463 12.3526 -9.1626 -4.6036 20.3169 -10.0870 -3.6528 21.1385 -11.5079 -2.6659 17.4823 -12.4169 -16.0842 3.9572 -14.8010 7.3429 31.8561 -32.0950 -2.6659 17.4823 -12.4169 -92.1234 58.8177 -2.7052 -143.9502 88.4249 -55.5868 -143.9502 119.8741 -55.5868 -2.6659 17.4823 -12.4169 87.9787 2.0693 -17.9219 71.4257 2.6185 14.2940 71.4257 -9.8114 14.2940 -26.8897 -3.7451 -8.3078 -23.6532 32.6214 4.2837 -20.7532 5.2069 5.0810 -20.3010 13.0475 7.8776 12.8311 -35.5616 0.4571 15.5983 19.0203 -18.4347 11.8946 2.0084 -26.8197 11.8681 3.3959 -27.3197
4.8595 16.9803 -26.9687 -4.9674 12.7691 -8.7537 -4.5934 20.8509 -9.7930 -3.5794 21.7255 -11.3837 -2.5179 18.0538 -12.4013 -16.1298 4.6650 -14.7715 6.7481 33.3312 -32.7288 -2.5179 18.0538 -12.4013 -93.0077 60.6738 -4.1685 -136.5889 83.3103 -50.6166 -136.5889 117.6050 -50.6166 -2.5179 18.0538 -12.4013 88.4961 3.9242 -17.5364 72.9640 4.2735 15.0776 72.9640 -7.9067 15.0776 -26.9265 -3.5531 -8.0355 -23.6427 32.8482 4.5512 -20.7633 5.1853 5.2142 -20.3137 13.0072 8.0040 13.0979 -36.0080 0.7657 16.1535 17.3225 -17.6886 12.6101 -0.1669 -26.5515 12.5989 1.7756 -27.2566
4.8628 16.9643 -26.8635 -5.0596 13.2049 -8.2964 -4.6165 21.4590 -9.5490 -3.5314 22.4223 -11.4312 -2.3854 18.7370 -12.6243 -16.1712 5.2672 -14.9150 6.1124 34.9640 -33.3761 -2.3854 18.7370 -12.6243 -93.6889 62.2776 -5.0401 -132.3731 80.9017 -46.7286 -132.3731 119.1152 -46.7286 -2.3854 18.7370 -12.6243 88.9499 5.6229 -16.8439 74.4992 5.7661 15.7601 74.4992 -5.9039 15.7601 -26.9777 -3.3157 -7.8180 -23.6361 33.1218 4.7623 -20.7452 5.2092 5.3450 -20.2986 12.9799 8.1162 13.3778 -36.4296 1.0698 16.6946 15.6751 -16.9476 13.2906 -2.2433 -26.4720 13.3080 0.3851 -27.4314
4.8660 16.9463 -26.7515 -5.2235 13.6804 -7.9855 -4.6819 22.1450 -9.4805 -3.5283 23.2554 -11.6824 -2.3117 19.5946 -13.0647 -16.2214 5.7784 -15.2187 5.4786 36.6045 -34.0298 -2.3117 19.5946 -13.0647 -94.0498 63.5508 -5.0631 -130.4091 80.0417 -44.0928 -130.4091 122.8796 -44.0928 -2.3117 19.5946 -13.0647 89.3745 7.1580 -15.8871 75.9951 7.0956 16.3977 75.9951 -3.9506 16.3977 -27.0703 -2.9913 -7.7475 -23.6448 33.5119 4.8328 -20.6505 5.3033 5.4718 -20.2108 12.9319 8.1920 13.6704 -36.8998 1.3030 17.2403 14.0667 -16.2988 14.0278 -4.1031 -26.4727 14.0848 -0.9929 -27.6128
4.8682 16.9242 -26.6314 -5.4475 14.2106 -7.9481 -4.7524 22.9152 -9.6384 -3.5416 24.1816 -12.0690 -2.3116 20.5408 -13.5766 -16.2208 6.1151 -15.6168 4.8226 38.1917 -34.6492 -2.3116 20.5408 -13.5766 -94.0674 64.5208 -4.2431 -129.7308 79.8378 -42.3101 -129.7308 126.6777 -42.3101 -2.3116 20.5408 -13.5766 89.8183 8.5635 -14.7837 77.4339 8.3049 17.0755 77.4339 -2.1462 17.0755 -27.2303 -2.5394 -7.9209 -23.6813 34.0782 4.6707 -20.4423 5.5140 5.5703 -20.0220 12.7818 8.1617 13.9701 -37.4558 1.4210 17.7923 12.5380 -15.8133 14.8542 -5.7403 -26.3253 14.9553 -2.2192 -27.6202
4.8705 16.8958 -26.5010 -5.6794 14.8118 -8.2075 -4.7826 23.7182 -9.9897 -3.5162 25.1157 -12.4836 -2.3328 21.4967 -14.0072 -16.1904 6.5427 -15.9611 4.1768 39.6217 -35.2344 -2.3328 21.4967 -14.0072 -93.7921 65.3112 -2.7768 -129.7054 79.8735 -40.9691 -129.7054 128.2203 -40.9691 -2.3328 21.4967 -14.0072 90.3210 9.8458 -13.6625 78.7887 9.4045 17.8694 78.7887 -0.5993 17.8694 -27.4499 -1.9884 -8.2771 -23.7387 34.8152 4.3439 -20.1525 5.8520 5.6324 -19.7700 12.4596 7.9888 14.2557 -38.1059 1.3926 18.3318 11.1321 -15.5421 15.7340 -7.1156 -25.8709 15.8802 -3.1785 -27.3215
4.8742 16.8617 -26.3584 -5.9214 15.4627 -8.7418 -4.7898 24.5307 -10.4685 -3.4073 26.0267 -12.8290 -2.2707 22.4264 -14.2535 -16.1668 7.3452 -16.1099 3.6017 40.7923 -35.7864 -2.2707 22.4264 -14.2535 -93.2561 66.0488 -0.8894 -130.0297 80.0470 -39.8632 -130.0297 126.6753 -39.8632 -2.2707 22.4264 -14.2535 90.9077 11.0631 -12.6614 80.0457 10.4474 18.8966 80.0457 0.5513 18.8966 -27.7203 -1.3534 -8.7649 -23.8062 35.7290 3.9085 -19.8086 6.3317 5.6372 -19.4794 12.0105 7.6630 14.5317 -38.8466 1.2167 18.8701 9.8046 -15.4706 16.6363 -8.2227 -25.2234 16.8183 -4.1189 -26.7369
4.8797 16.8231 -26.2046 -6.2089 16.1037 -9.4590 -4.8168 25.3069 -10.9993 -3.1967 26.8879 -13.0827 -2.0361 23.3155 -14.3383 -16.1229 8.5126 -16.0607 3.0933 41.7693 -36.2942 -2.0361 23.3155 -14.3383 -92.4878 66.8076 1.2046 -130.5447 80.3425 -38.9179 -130.5447 122.8902 -38.9179 -2.0361 23.3155 -14.3383 91.5836 12.3131 -11.8965 81.2190 11.5233 20.2708 81.2190 1.2486 20.2708 -28.0468 -0.6499 -9.3968 -23.8840 36.8317 3.3603 -19.4230 6.9644 5.5459 -19.1492 11.6250 7.2085 14.8113 -39.6286 0.9190 19.4147 8.5016 -15.5402 17.5395 -9.0562 -24.5756 17.7326 -5.2971 -25.9625
4.8853 16.7789 -26.0415 -6.5676 16.6445 -10.2164 -4.8852 26.0624 -11.4966 -2.8905 27.7071 -13.2455 -1.6044 24.1021 -14.3186 -15.9886 9.7143 -15.9122 2.5829 42.7700 -36.7480 -1.6044 24.1021 -14.3186 -91.5590 67.5098 3.3522 -131.1164 80.6349 -38.1648 -131.1164 118.4307 -38.1648 -1.6044 24.1021 -14.3186 92.3281 13.6356 -11.4341 82.3314 12.6725 21.9963 82.3314 1.5928 21.9963 -28.3877 0.0550 -10.0763 -23.9396 38.0751 2.8021 -19.0107 7.7553 5.3961 -18.7975 11.2983 6.6596 15.0968 -40.3916 0.5530 19.9533 7.2418 -15.6860 18.3991 -9.7299 -24.0215 18.5864 -6.4906 -25.2166
4.8898 16.7283 -25.8712 -6.9353 17.0315 -10.8845 -4.9563 26.7746 -11.8779 -2.5045 28.5056 -13.2930 -1.0225 24.8333 -14.1998 -15.7714 10.8824 -15.6850 2.0595 43.8533 -37.1724 -1.0225 24.8333 -14.1998 -90.5625 67.9434 5.4573 -131.4706 80.6318 -37.6501 -131.4706 114.3444 -37.6501 -1.0225 24.8333 -14.1998 93.1001 15.0323 -11.2494 83.4144 13.8996 24.0163 83.4144 1.7624 24.0163 -28.6831 0.7079 -10.6688 -23.9273 39.3925 2.3635 -18.6009 8.7297 5.2399 -18.4919 10.5228 5.8796 15.3738 -41.1389 0.1526 20.4711 6.0682 -15.8901 19.1817 -10.3470 -23.6221 19.3715 -7.3277 -24.7358
4.8917 16.6739 -25.6938 -7.2472 17.2753 -11.4094 -4.9668 27.4518 -12.1141 -2.0503 29.3091 -13.2007 -0.3728 25.5545 -13.9433 -15.4772 11.9038 -15.3751 1.5265 45.0284 -37.5505 -0.3728 25.5545 -13.9433 -89.5240 68.0022 7.5113 -131.3305 80.1322 -37.3169 -131.3305 111.1031 -37.3169 -0.3728 25.5545 -13.9433 93.8543 16.5543 -11.2644 84.5472 15.2696 26.2524 84.5472 2.1970 26.2524 -28.9134 1.2899 -11.2083 -23.8292 40.7674 2.0120 -18.2707 9.8423 4.9240 -18.3141 9.1182 4.6654 15.6261 -41.8998 -0.2575 20.9591 5.0155 -16.1485 19.8732 -10.9734 -23.4590 20.0842 -7.8153 -24.6237
4.8910 16.6157 -25.5099 -7.4569 17.4369 -11.7795 -4.8633 28.1251 -12.2222 -1.5293 30.1248 -12.9934 0.2885 26.2645 -13.5613 -15.1401 12.7911 -14.9821 1.0242 46.2000 -37.8566 0.2885 26.2645 -13.5613 -88.4593 67.6800 9.5082 -130.5555 79.0839 -37.0821 -130.5555 108.5557 -37.0821 0.2885 26.2645 -13.5613 94.5499 18.1492 -11.3477 85.7492 16.7415 28.6056 85.7492 4.1297 28.6056 -29.0594 1.6963 -11.6312 -23.6309 42.1781 1.8391 -18.1181 10.9979 4.4067 -18.3127 7.7005 3.2273 15.8279 -42.7154 -0.6413 21.4044 4.0625 -16.4281 20.4763 -11.6556 -23.5741 20.7152 -8.2970 -24.8129
4.8868 16.5508 -25.3201 -7.5847 17.5488 -12.0118 -4.6693 28.7914 -12.2395 -0.9640 30.9579 -12.7370 0.9481 26.9959 -13.1371 -14.7838 13.6255 -14.5431 0.5958 47.2546 -38.0878 0.9481 26.9959 -13.1371 -87.3935 67.0410 11.4218 -129.1711 77.5670 -36.8696 -129.1711 106.1517 -36.8696 0.9481 26.9959 -13.1371 95.1676 19.5256 -11.3350 86.8645 18.0114 30.8919 86.8645 8.6363 30.8919 -29.0408 1.7394 -11.6309 -23.2795 43.5341 2.1828 -18.0996 12.1974 4.0931 -18.4409 6.3705 2.0077 15.9810 -43.6265 -0.9762 21.8231 3.1228 -16.6853 21.0445 -12.3739 -23.9483 21.3125 -8.8485 -25.2491
4.8789 16.4818 -25.1246 -7.6777 17.5720 -12.1298 -4.4460 29.4537 -12.2027 -0.3937 31.8421 -12.5064 1.6037 27.7892 -12.7804 -14.4098 14.5022 -14.1173 0.2598 48.1357 -38.2492 1.6037 27.7892 -12.7804 -86.3333 66.1835 13.2424 -127.3292 75.7410 -36.6398 -127.3292 103.2344 -36.6398 1.6037 27.7892 -12.7804 95.7118 20.4026 -11.1364 87.6749 18.7606 32.9347 87.6749 14.7304 32.9347 -28.8380 1.4066 -11.0853 -22.7689 44.8033 3.1559 -18.0777 13.5413 4.3318 -18.5784 4.9593 1.2612 16.0969 -44.6202 -1.2457 22.2250 2.1270 -16.8736 21.6137 -13.1916 -24.4838 21.9163 -9.4921 -25.8496
4.8661 16.4129 -24.9233 -7.7890 17.4594 -12.1513 -4.2691 30.1652 -12.1202 0.1396 32.8263 -12.3294 2.2580 28.6330 -12.5474 -13.9826 15.4048 -13.7591 0.0039 48.8811 -38.3303 2.2580 28.6330 -12.5474 -85.2216 65.2691 15.0074 -125.1964 73.8029 -36.3173 -125.1964 99.8470 -36.3173 2.2580 28.6330 -12.5474 96.1562 20.7487 -10.7835 87.9416 18.8617 35.1632 87.9416 20.6701 35.1632 -28.4842 0.8735 -10.1840 -22.1188 46.0361 4.5247 -18.0763 15.0211 4.8945 -18.7379 3.9451 0.9381 16.1862 -45.6503 -1.4173 22.6071 1.0413 -16.9330 22.2000 -14.1153 -25.0269 22.5399 -10.2803 -26.4434
4.8471 16.3461 -24.7147 -7.9207 17.2071 -12.0405 -4.1750 30.9807 -11.9444 0.6140 33.9321 -12.1706 2.9192 29.4818 -12.4262 -13.4792 16.3650 -13.4741 -0.1734 49.5092 -38.3497 2.9192 29.4818 -12.4262 -84.0258 64.3732 16.7331 -122.8461 71.8439 -35.8571 -122.8461 96.5181 -35.8571 2.9192 29.4818 -12.4262 96.4293 20.8859 -10.3473 87.6793 18.5827 38.0776 87.6793 25.3314 38.0776 -28.0056 0.2974 -9.1392 -21.3489 47.2428 6.0308 -18.1611 16.6090 5.4945 -18.9897 3.5098 0.8291 16.2526 -46.6719 -1.4622 22.9576 -0.1432 -16.8176 22.7920 -15.1424 -25.3634 23.1786 -11.1114 -26.8522
4.8214 16.2791 -24.4951 -7.9896 16.8709 -11.6864 -4.1219 31.9350 -11.5722 1.0389 35.1591 -11.9456 3.5941 30.3045 -12.3535 -12.8905 17.3717 -13.2416 -0.2676 50.0386 -38.3561 3.5941 30.3045 -12.3535 -82.7585 63.4862 18.4135 -120.2846 69.8614 -35.2383 -120.2846 93.6165 -35.2383 3.5941 30.3045 -12.3535 96.4931 21.1632 -9.8708 87.1431 18.3163 41.6380 87.1431 28.2555 41.6380 -27.4367 -0.2248 -8.0695 -20.4986 48.3944 7.5189 -18.3655 18.2254 5.9997 -19.3761 3.1818 0.6597 16.3127 -47.6777 -1.4015 23.2879 -1.4603 -16.5346 23.3944 -16.2736 -25.3799 23.8409 -11.9531 -26.9739
4.7897 16.2070 -24.2626 -7.9361 16.5366 -11.2150 -4.0914 32.9059 -11.1030 1.3707 36.3898 -11.7069 4.2056 31.0986 -12.3580 -12.2509 18.4123 -13.0907 -0.3064 50.5624 -38.3460 4.2056 31.0986 -12.3580 -81.4318 62.6355 20.0209 -117.5823 67.9170 -34.4569 -117.5823 90.9289 -34.4569 4.2056 31.0986 -12.3580 96.4140 21.5296 -9.3792 86.4691 18.0631 45.3609 86.4691 29.5905 45.3609 -26.8394 -0.5740 -7.0368 -19.6186 49.5241 8.8962 -18.6864 19.7735 6.3548 -19.8828 3.0067 0.4240 16.4044 -48.7215 -1.3177 23.6483 -3.0075 -16.1473 24.0595 -17.5900 -25.1112 24.5380 -13.3645 -26.6662
4.7539 16.1233 -24.0189 -7.7769 16.3039 -10.9494 -4.1242 33.7528 -10.7714 1.5493 37.5048 -11.5691 4.6680 31.9012 -12.4835 -11.6079 19.4085 -13.0569 -0.3287 51.1990 -38.2833 4.6680 31.9012 -12.4835 -80.0289 61.8974 21.5643 -114.8784 66.1272 -33.5402 -114.8784 87.9390 -33.5402 4.6680 31.9012 -12.4835 96.3128 21.4369 -8.9508 85.1183 17.0423 49.0081 85.1183 30.8541 49.0081 -26.2697 -0.6396 -6.0586 -18.7434 50.7049 10.1243 -19.0813 21.1576 6.5632 -20.4506 3.0993 0.1987 16.5944 -49.8999 -1.3390 24.1271 -4.9347 -15.7576 24.8875 -19.1360 -24.6284 25.3586 -15.3945 -25.9985
4.7158 16.0290 -23.7630 -7.5269 16.2189 -10.8817 -4.1907 34.5155 -10.5685 1.6161 38.5429 -11.5015 5.0013 32.7569 -12.6714 -11.0317 20.4267 -13.0629 -0.3058 51.8657 -38.2272 5.0013 32.7569 -12.6714 -78.5456 61.3367 23.0276 -112.2996 64.5954 -32.5438 -112.2996 84.4971 -32.5438 5.0013 32.7569 -12.6714 96.2626 20.7507 -8.7876 82.7392 14.8786 52.4890 82.7392 32.0229 52.4890 -25.7679 -0.4306 -5.1333 -17.9195 51.9139 11.2020 -19.4290 22.3629 6.7648 -20.9597 3.0928 -0.0049 16.9597 -51.2213 -1.5429 24.7927 -7.2895 -15.4291 25.9393 -20.9371 -24.0324 26.3739 -17.8479 -25.1549
4.6746 15.9303 -23.4923 -7.1837 16.2784 -10.6865 -4.1677 35.3438 -10.2634 1.6973 39.6481 -11.3367 5.2843 33.7235 -12.7541 -10.5594 21.5659 -12.9529 -0.1587 52.3499 -38.2884 5.2843 33.7235 -12.7541 -76.9904 60.9368 24.3810 -109.8885 63.3370 -31.5664 -109.8885 80.9137 -31.5664 5.2843 33.7235 -12.7541 96.2341 19.8250 -9.1154 79.4704 11.8999 55.8453 79.4704 31.6902 55.8453 -25.3207 -0.0151 -4.2370 -17.1570 53.0742 12.1603 -19.6942 23.4151 7.0203 -21.3755 2.9381 -0.1534 17.5136 -52.5833 -1.8529 25.6165 -9.9432 -15.1048 27.1569 -23.0291 -23.3761 27.5663 -20.4149 -24.3159
4.6291 15.8321 -23.2058 -6.7950 16.4415 -10.2889 -4.0352 36.2779 -9.8185 1.8322 40.8669 -11.0605 5.5432 34.8147 -12.7139 -10.2132 22.8865 -12.6794 0.1341 52.5501 -38.4809 5.5432 34.8147 -12.7139 -75.3479 60.6607 25.6451 -107.6216 62.3114 -30.6768 -107.6216 77.7973 -30.6768 5.5432 34.8147 -12.7139 96.2262 18.8388 -9.8979 75.3706 8.2257 59.0657 75.3706 28.9972 59.0657 -24.8852 0.5686 -3.3406 -16.4186 54.1752 13.0396 -19.9080 24.4058 7.3145 -21.7340 2.9345 -0.1844 18.2076 -53.8896 -2.1519 26.5127 -12.7462 -14.6972 28.4309 -25.4168 -22.6398 28.8345 -23.0906 -23.4641
4.5789 15.7346 -22.9066 -6.4121 16.6956 -9.8149 -3.8632 37.2999 -9.3304 1.9768 42.2075 -10.7566 5.7628 36.0714 -12.6417 -9.9632 24.3656 -12.3015 0.5286 52.4819 -38.7177 5.7628 36.0714 -12.6417 -73.5762 60.4683 26.9246 -105.4529 61.4412 -29.9210 -105.4529 75.5536 -29.9210 5.7628 36.0714 -12.6417 96.2280 17.7023 -11.0004 70.0455 3.4744 62.0853 70.0455 24.7368 62.0853 -24.4309 1.2727 -2.4485 -15.6645 55.2588 13.8616 -20.1209 25.4464 7.6114 -22.0993 3.2124 -0.1236 18.9850 -55.0937 -2.3746 27.4040 -15.6324 -14.1562 29.6697 -28.0400 -21.7645 30.0610 -25.9947 -22.4754
4.5240 15.6359 -22.5958 -6.0431 17.0346 -9.3032 -3.6629 38.3871 -8.8526 2.0958 43.6866 -10.4853 5.8928 37.5635 -12.5990 -9.7518 26.0369 -11.8790 0.9641 52.1689 -38.8945 5.8928 37.5635 -12.5990 -71.6543 60.3927 28.2476 -103.3532 60.7152 -29.2433 -103.3532 74.1715 -29.2433 5.8928 37.5635 -12.5990 96.1865 16.3213 -12.3999 62.7801 -2.9583 64.8785 62.7801 19.5913 64.8785 -23.9486 2.0271 -1.5807 -14.8737 56.3693 14.6406 -20.3804 26.6414 7.8968 -22.5343 3.8051 -0.0066 19.7773 -56.1495 -2.4675 28.2074 -18.5257 -13.4487 30.7756 -30.7288 -20.7014 31.1053 -29.1522 -21.2359
4.4646 15.5349 -22.2737 -5.6897 17.4595 -8.7355 -3.4432 39.6044 -8.3941 2.1650 45.3273 -10.2845 5.9089 39.2364 -12.6402 -9.5204 27.8117 -11.5068 1.3719 51.7187 -38.9320 5.9089 39.2364 -12.6402 -69.5821 60.4822 29.6400 -101.3676 60.1533 -28.6308 -101.3676 73.0558 -28.6308 5.9089 39.2364 -12.6402 95.9916 14.9857 -14.1309 53.4537 -11.0239 67.4965 53.4537 12.6597 67.4965 -23.4177 2.7746 -0.7260 -14.0218 57.5189 15.4091 -20.6714 28.0104 8.2070 -23.0347 4.4319 0.0970 20.4661 -56.9955 -2.3456 28.7992 -21.2780 -12.5312 31.6134 -33.2875 -19.4305 31.8438 -32.2632 -19.7677
4.4023 15.4330 -21.9376 -5.3746 17.9697 -8.1215 -3.2145 40.9931 -7.9708 2.1951 47.1198 -10.1767 5.8370 41.0045 -12.7906 -9.2500 29.5936 -11.2512 1.6954 51.2346 -38.8403 5.8370 41.0045 -12.7906 -67.3300 60.8449 31.1188 -99.5855 59.8328 -28.0748 -99.5855 71.7060 -28.0748 5.8370 41.0045 -12.7906 95.5898 14.0854 -15.9563 43.2808 -19.6377 69.7571 43.2808 3.1215 69.7571 -22.8695 3.5516 0.0615 -13.1403 58.7069 16.1018 -21.0064 29.5926 8.5008 -23.6352 4.7118 -0.0025 20.9484 -57.5912 -1.9783 29.0906 -23.7487 -11.4164 32.0986 -35.5159 -17.9982 32.2071 -35.0592 -18.1438
4.3389 15.3311 -21.5833 -5.1236 18.5907 -7.4971 -3.0070 42.4821 -7.6047 2.1966 48.9864 -10.1880 5.7276 42.8306 -13.0970 -8.9656 31.2363 -11.1630 1.8735 50.8774 -38.6665 5.7276 42.8306 -13.0970 -64.8998 61.5545 32.6364 -98.0566 59.8016 -27.5396 -98.0566 70.1800 -27.5396 5.7276 42.8306 -13.0970 94.9074 13.8410 -17.5173 34.6605 -26.6754 71.4807 34.6605 -7.0244 71.4807 -22.3482 4.4672 0.7120 -12.2868 59.9004 16.6086 -21.4768 31.4114 8.6512 -24.4240 5.1223 -0.2648 21.2013 -57.9523 -1.4201 29.0935 -25.8616 -10.1912 32.2462 -37.2394 -16.4887 32.2472 -37.2355 -16.4899
4.2757 15.2291 -21.2064 -4.9260 19.3337 -6.9611 -2.8283 43.9243 -7.3536 2.1696 50.8185 -10.3299 5.5845 44.7300 -13.5456 -8.7117 32.8732 -11.1865 1.9493 50.6219 -38.4794 5.5845 44.7300 -13.5456 -62.3578 62.6381 34.0414 -96.7592 60.0729 -26.8934 -96.7592 68.9950 -26.8934 5.5845 44.7300 -13.5456 93.9621 14.0004 -18.5742 29.4851 -30.4349 72.5193 29.4851 -13.9250 72.5193 -21.8695 5.6850 1.2256 -11.5005 61.0496 16.8659 -22.1451 33.3745 8.5608 -25.4270 6.3079 -0.5240 21.2744 -58.1527 -0.7804 28.9087 -27.5742 -8.9957 32.1144 -38.4441 -14.9725 32.0269 -38.7936 -14.8667
4.2130 15.1252 -20.8038 -4.7454 20.1960 -6.6203 -2.6822 45.2630 -7.2464 2.1238 52.5447 -10.5571 5.4224 46.6416 -14.0458 -8.4904 34.6938 -11.2166 2.0502 50.3218 -38.3456 5.4224 46.6416 -14.0458 -59.8151 64.0793 35.1913 -95.6882 60.6397 -26.0338 -95.6882 68.5046 -26.0338 5.4224 46.6416 -14.0458 92.9305 14.2307 -19.1724 28.6072 -30.1704 72.7888 28.6072 -14.8023 72.7888 -21.4368 7.3414 1.6672 -10.8265 62.0636 16.8767 -22.9128 35.2667 8.2593 -26.5053 7.9307 -0.8081 21.2663 -58.2961 -0.1849 28.6944 -28.8412 -7.9908 31.7683 -39.2289 -13.4854 31.5601 -40.0530 -13.2409
4.1510 15.0212 -20.3718 -4.5796 21.1674 -6.5448 -2.5685 46.5140 -7.2758 2.1150 54.1303 -10.7990 5.3228 48.4601 -14.4845 -8.2209 36.5717 -11.2116 2.2557 49.9530 -38.2754 5.3228 48.4601 -14.4845 -57.3988 65.8545 35.9658 -94.8901 61.5191 -24.9306 -94.8901 68.7906 -24.9306 5.3228 48.4601 -14.4845 92.0513 14.3447 -19.4188 31.5916 -26.4407 72.2174 31.5916 -10.0405 72.2174 -21.0631 9.5259 2.1288 -10.3259 62.8525 16.6894 -23.6800 36.9756 7.8312 -27.5472 9.5384 -1.1644 21.2410 -58.4644 0.2769 28.5766 -29.5330 -7.3214 31.2492 -39.6003 -12.0732 30.8704 -41.0956 -11.6368
4.0912 14.9192 -19.9071 -4.4287 22.2582 -6.6423 -2.4708 47.7366 -7.3693 2.2124 55.5725 -11.0499 5.4049 50.0809 -14.9199 -7.8619 38.2192 -11.2370 2.5329 49.6075 -38.2521 5.4049 50.0809 -14.9199 -55.2374 67.9146 36.2995 -94.4264 62.7185 -23.6185 -94.4264 69.8397 -23.6185 5.4049 50.0809 -14.9199 91.4145 14.4145 -19.3165 37.1184 -20.6314 70.8541 37.1184 -2.4108 70.8541 -20.7378 12.2278 2.7273 -10.0265 63.3625 16.4186 -24.2209 38.4425 7.4730 -28.3214 10.9469 -1.4448 21.1519 -58.7180 0.6123 28.5819 -29.3853 -7.0722 30.5774 -39.3545 -10.8126 30.0071 -41.6237 -10.1558
4.0380 14.8221 -19.4074 -4.2273 23.4507 -6.6976 -2.2513 48.9729 -7.4756 2.4808 56.9034 -11.3707 5.6824 51.4951 -15.4470 -7.4309 39.6035 -11.3417 2.8510 49.2463 -38.2551 5.6824 51.4951 -15.4470 -53.3622 70.2487 36.2165 -94.3318 64.2500 -22.1494 -94.3318 71.5822 -22.1494 5.6824 51.4951 -15.4470 90.9623 14.6039 -18.7845 44.1387 -13.7772 68.6972 44.1387 5.7421 68.6972 -20.4637 15.3674 3.4999 -9.9491 63.5982 16.1370 -24.5424 39.9267 7.2804 -28.8644 12.5257 -1.4945 20.9018 -59.0827 0.8496 28.6737 -28.0791 -7.3235 29.8364 -38.1960 -9.8914 29.0701 -41.3182 -8.9827
3.9936 14.7316 -18.8675 -3.9407 24.6140 -6.5918 -1.7775 50.2041 -7.6321 2.9486 58.1865 -11.8251 6.0777 52.8141 -16.0623 -6.9148 40.7908 -11.5562 3.1992 48.7797 -38.2420 6.0777 52.8141 -16.0623 -51.6789 72.8856 35.8127 -94.5968 66.1235 -20.5897 -94.5968 73.7000 -20.5897 6.0777 52.8141 -16.0623 90.5610 14.9856 -17.7372 52.0742 -6.3757 65.4148 52.0742 13.5172 65.4148 -20.2383 18.8367 4.3932 -10.0836 63.6224 15.8494 -24.8309 41.9348 7.2347 -29.4355 14.7441 -1.3040 20.5416 -59.4865 0.9270 28.8725 -25.5202 -8.1709 29.2711 -35.8532 -9.5964 28.1900 -40.4381 -8.2365
3.9567 14.6665 -18.2960 -3.7020 25.8726 -6.2710 -1.1236 51.5567 -7.8665 3.5494 59.5176 -12.4838 6.5161 54.1035 -16.8327 -6.3198 41.8507 -11.9161 3.6445 48.1076 -38.1431 6.5161 54.1035 -16.8327 -50.0798 75.7767 35.2077 -95.1158 68.2606 -18.9915 -95.1158 75.7701 -18.9915 6.5161 54.1035 -16.8327 90.0475 15.4122 -16.0382 59.8411 0.6179 60.4381 59.8411 19.9876 60.4381 -20.0890 22.3371 5.1854 -10.4375 63.4251 15.4485 -25.2230 45.0879 7.2192 -30.2535 18.1744 -0.9477 20.1359 -60.0071 0.8394 29.1409 -22.2247 -9.4833 29.3289 -32.0353 -10.5788 28.1318 -37.5195 -8.8796
3.9283 14.6402 -17.7019 -3.7784 27.4714 -5.9930 -0.5125 53.1754 -8.3388 4.2075 60.9635 -13.4207 6.9845 55.4034 -17.7594 -5.6792 42.8553 -12.3820 4.2229 47.1868 -37.9970 6.9845 55.4034 -17.7594 -48.6223 78.5701 34.5909 -95.6046 70.3024 -17.3985 -95.6046 77.4029 -17.3985 6.9845 55.4034 -17.7594 89.3297 15.4371 -13.5745 65.8928 5.7127 53.5416 65.8928 23.9073 53.5416 -20.2206 25.6409 5.5041 -11.1432 63.1140 14.6665 -25.5192 49.8675 7.1117 -31.1510 23.3234 -0.4717 19.5689 -60.6949 0.7197 29.2604 -18.7734 -10.9411 29.5989 -27.8255 -12.5045 28.6062 -32.9102 -10.8453
3.9130 14.6396 -17.0836 -4.2032 29.3655 -6.1961 -0.0899 55.0725 -9.2359 4.8753 62.5116 -14.6283 7.5037 56.6559 -18.7420 -4.9920 43.8574 -12.8978 4.8715 46.0562 -37.8535 7.5037 56.6559 -18.7420 -47.4109 80.8528 34.0703 -95.7273 71.9010 -15.8643 -95.7273 78.4355 -15.8643 7.5037 56.6559 -18.7420 88.3932 14.6817 -10.3694 69.7023 8.2556 45.4558 69.7023 24.3826 45.4558 -20.9891 28.7473 5.0269 -12.4739 62.8976 13.2185 -25.6006 56.7909 6.7333 -31.8445 31.5843 0.3123 18.8604 -61.3912 0.5033 29.1650 -15.4343 -12.4837 29.6154 -24.2897 -14.6681 28.8512 -28.6777 -13.1791
3.9042 14.6404 -16.4375 -4.8282 31.4181 -7.0901 0.0743 57.1231 -10.4992 5.5029 64.0634 -15.9255 8.0945 57.7820 -19.6226 -4.1937 44.8609 -13.4258 5.4993 44.8063 -37.6748 8.0945 57.7820 -19.6226 -46.4604 82.4159 33.5455 -95.2208 72.9994 -14.4311 -95.2208 78.8294 -14.4311 8.0945 57.7820 -19.6226 87.3363 12.9342 -6.7145 71.8594 8.5066 37.3002 71.8594 21.0523 37.3002 -22.4863 31.6410 3.7506 -14.4653 62.8909 11.1157 -25.2765 65.8989 5.9426 -31.8207 43.2889 1.2937 18.3969 -61.8661 -0.1327 29.1773 -12.3839 -14.3388 29.5338 -21.3980 -16.6643 28.9013 -25.4302 -15.2599
3.8858 14.6480 -15.7687 -5.5636 33.6184 -8.4775 -0.0859 59.2447 -11.8170 6.0235 65.5263 -17.0855 8.7619 58.6921 -20.3565 -3.2566 45.7149 -13.9554 6.1196 43.5301 -37.3493 8.7619 58.6921 -20.3565 -45.6604 83.0248 33.0144 -93.8289 73.4916 -13.2593 -93.8289 78.6114 -13.2593 8.7619 58.6921 -20.3565 86.4581 9.3233 -3.2014 72.8333 6.0506 29.7170 72.8333 13.5417 29.7170 -24.4001 34.0404 1.9862 -16.7051 63.1971 8.7501 -24.3213 76.0047 4.7528 -30.3590 57.5237 2.1627 18.5312 -62.1668 -1.4576 29.6896 -9.8540 -16.7106 29.7551 -18.8337 -18.1924 29.3235 -21.9472 -17.0857
3.8506 14.6639 -15.0836 -6.4189 35.7123 -10.0596 -0.5136 61.3916 -12.9836 6.4717 66.9118 -18.0333 9.5220 59.3513 -20.9559 -2.2351 46.2428 -14.4305 6.7975 42.2143 -36.8510 9.5220 59.3513 -20.9559 -44.7822 82.3508 32.7563 -91.2834 73.0120 -12.5479 -91.2834 77.9306 -12.5479 9.5220 59.3513 -20.9559 86.2023 2.5384 -0.7980 72.6739 -0.2082 23.5866 72.6739 1.5108 23.5866 -26.1819 35.5205 0.3070 -18.4204 64.2156 6.8510 -23.1112 85.0563 3.5261 -27.5418 72.3921 2.6436 19.0979 -62.3669 -3.3793 30.6011 -7.6768 -19.5742 30.2587 -17.4174 -19.2627 29.9840 -19.5789 -18.4860
3.8044 14.6802 -14.3895 -7.3645 37.3724 -11.6593 -1.1339 63.5153 -13.9752 6.8098 68.2763 -18.8672 10.2598 59.7831 -21.5711 -1.3155 46.5622 -14.8278 7.5758 40.7087 -36.2607 10.2598 59.7831 -21.5711 -43.5356 80.3392 32.9846 -87.3532 71.3491 -12.1892 -87.3532 76.9830 -12.1892 10.2598 59.7831 -21.5711 86.7684 -4.6566 -0.7487 71.1547 -7.4183 20.6454 71.1547 -14.1654 20.6454 -27.4136 35.6914 -0.8101 -18.9828 66.3078 6.0264 -21.8539 91.7244 3.0087 -23.8294 86.1976 2.9730 19.7006 -62.4026 -5.6338 31.5141 -5.4994 -22.7685 30.7959 -17.1305 -20.3463 30.4761 -19.6420 -19.4414
3.7527 14.6926 -13.6909 -8.4506 38.6639 -13.0836 -1.9087 65.4565 -14.8758 6.9003 69.5453 -19.7128 10.7035 60.1239 -22.2507 -0.6886 46.9435 -15.1628 8.4235 38.9340 -35.6770 10.7035 60.1239 -22.2507 -41.6718 77.4485 33.6410 -81.9518 68.7615 -11.5982 -81.9518 75.5091 -11.5982 10.7035 60.1239 -22.2507 88.1896 -7.1950 -3.5243 67.8351 -10.5562 21.8732 67.8351 -30.6932 21.8732 -27.9940 34.4954 -1.3519 -18.2915 69.4070 6.2586 -20.0182 95.2749 3.7426 -19.7538 96.0205 3.7165 20.1404 -62.1493 -7.9782 32.1712 -3.1739 -26.0650 31.1939 -17.2971 -21.6567 30.6964 -21.0098 -20.3192
3.6962 14.6999 -12.9869 -9.7505 39.7597 -14.1820 -2.7729 67.0238 -15.8131 6.6722 70.5856 -20.6046 10.6470 60.5263 -22.8191 -0.4125 47.4329 -15.4319 9.2293 36.9718 -35.1125 10.6470 60.5263 -22.8191 -39.0301 74.2604 34.5676 -75.2878 65.7385 -10.2815 -75.2878 72.7185 -10.2815 10.6470 60.5263 -22.8191 89.9593 -6.6030 -7.9664 63.5413 -10.9116 25.6188 63.5413 -43.1176 25.6188 -28.0863 32.1903 -1.6522 -16.6783 73.1784 7.0708 -17.5773 95.7518 5.3670 -16.3744 99.1823 5.2100 20.4332 -61.5275 -10.2317 32.5273 -0.6677 -29.2609 31.4235 -17.5040 -22.9301 30.7530 -22.2724 -21.2125
3.6342 14.7013 -12.2772 -11.2109 40.6476 -14.9692 -3.6701 68.2032 -16.8723 6.1082 71.4209 -21.5416 10.0182 61.0773 -23.1803 -0.5187 47.9724 -15.6036 9.8960 34.7893 -34.4853 10.0182 61.0773 -23.1803 -35.5882 71.2057 35.5943 -67.7919 62.7596 -8.1284 -67.7919 68.0437 -8.1284 10.0182 61.0773 -23.1803 91.5475 -4.8107 -12.9256 59.9961 -9.9605 29.9663 59.9961 -46.6279 29.9663 -27.8831 28.9840 -2.0714 -14.5240 77.2480 7.9983 -15.4575 94.5525 6.9602 -14.3805 97.6366 6.8460 20.6029 -60.4806 -12.2113 32.5379 2.1000 -32.1653 31.4548 -17.4708 -24.5552 30.6613 -22.9422 -22.5790
3.5673 14.6953 -11.5682 -12.7143 41.3520 -15.5617 -4.6398 69.1403 -17.9900 5.1902 72.1585 -22.4840 8.8759 61.7283 -23.4381 -1.0026 48.5709 -15.6725 10.4581 32.1704 -33.6770 8.8759 61.7283 -23.4381 -31.5109 68.3892 36.6067 -59.8262 60.0399 -5.2464 -59.8262 61.5291 -5.2464 8.8759 61.7283 -23.4381 92.9470 -3.3059 -18.0147 56.9886 -9.0852 34.0807 56.9886 -43.8349 34.0807 -27.4895 24.9010 -2.8219 -12.0977 81.2770 8.8133 -13.9546 93.5330 8.1412 -12.8493 96.7078 8.0432 20.6416 -59.0037 -13.7688 32.1390 5.1998 -34.6233 31.1450 -17.0376 -26.5587 30.2734 -22.9844 -24.3980
3.4968 14.6789 -10.8633 -14.1664 41.8829 -15.9894 -5.6831 69.9290 -19.0239 4.0087 72.8158 -23.3551 7.4103 62.3171 -23.6738 -1.7715 49.2719 -15.5969 11.0630 28.9569 -32.6310 7.4103 62.3171 -23.6738 -26.9758 65.8355 37.5896 -51.6929 57.6551 -1.7994 -51.6929 53.6310 -1.7994 7.4103 62.3171 -23.6738 94.5249 -3.4732 -23.1675 52.6138 -10.0308 37.9680 52.6138 -43.8908 37.9680 -26.8540 19.8961 -3.8598 -9.5109 84.9949 9.5911 -12.4662 92.9185 9.1990 -11.1640 96.6708 9.0912 20.5477 -57.1208 -14.8425 31.2950 8.7069 -36.5754 30.3694 -16.1040 -28.7124 29.4925 -22.2094 -26.4751
3.4224 14.6487 -10.1629 -15.4619 42.2041 -16.1850 -6.6332 70.7197 -19.8827 2.8674 73.0572 -24.1058 5.9349 62.6575 -23.7870 -2.6103 49.8621 -15.3615 11.7601 25.3509 -31.4145 5.9349 62.6575 -23.7870 -22.1351 63.6727 38.6175 -43.7770 55.6871 1.9463 -43.7770 45.1734 1.9463 5.9349 62.6575 -23.7870 96.2466 -5.0129 -28.2232 46.5811 -12.5281 41.5909 46.5811 -51.7461 41.5909 -25.8229 13.9692 -4.9935 -6.8001 88.1573 10.5482 -10.0826 91.6122 10.4374 -8.9600 94.8538 10.3750 20.3595 -54.8886 -15.4643 30.0447 12.6404 -38.0481 29.0656 -14.6201 -30.9074 28.2722 -20.4986 -28.7319
3.3416 14.6062 -9.4653 -16.5002 42.2638 -16.0715 -7.4527 70.8948 -20.2501 1.8461 73.1253 -24.3438 4.6891 62.6580 -23.6395 -3.3690 50.0802 -14.9524 12.5073 21.6908 -30.1449 4.6891 62.6580 -23.6395 -17.2537 61.8676 39.7741 -36.3999 54.0664 5.7055 -36.3999 37.2986 5.7055 4.6891 62.6580 -23.6395 97.4235 -6.5551 -32.8122 40.7469 -14.6855 44.6161 40.7469 -63.1430 44.6161 -24.2930 7.2127 -6.1036 -4.0815 90.4714 11.8003 -6.7149 89.0828 11.8215 -5.6568 92.1456 11.8104 20.1541 -52.3499 -15.7351 28.4861 16.9635 -39.1205 27.1394 -12.7243 -33.1904 26.3598 -18.9666 -30.8615
3.2555 14.5524 -8.7685 -17.2037 42.1282 -15.5948 -7.9401 70.4803 -20.2210 1.1593 72.6410 -24.1533 3.7857 62.2665 -23.1096 -3.9776 49.8021 -14.3203 13.2433 18.1820 -28.8309 3.7857 62.2665 -23.1096 -12.6845 60.1351 41.1289 -29.7418 52.5322 9.3127 -29.7418 31.5269 9.3127 3.7857 62.2665 -23.1096 97.4767 -7.0039 -36.6518 36.8605 -15.1785 47.0970 36.8605 -70.0875 47.0970 -22.2717 -0.3228 -7.1261 -1.6061 91.5320 13.4092 -3.4441 85.5579 13.3528 -1.9113 90.0139 13.4104 19.9570 -49.5272 -15.7608 26.6675 21.6466 -39.8759 24.4499 -10.5220 -35.4736 23.5439 -18.3122 -32.5519
3.1682 14.4887 -8.0657 -17.5760 41.8120 -14.8566 -8.0619 69.2264 -19.8382 0.8598 71.7259 -23.5197 3.2832 61.4156 -22.1285 -4.4072 48.9911 -13.3740 13.9193 14.9029 -27.3416 3.2832 61.4156 -22.1285 -8.7048 58.2975 42.7496 -23.9911 50.9036 12.6707 -23.9911 28.9129 12.6707 3.2832 61.4156 -22.1285 96.3898 -6.0412 -39.7200 35.1579 -14.0503 49.3911 35.1579 -69.2845 49.3911 -19.8817 -8.5211 -7.9659 0.2852 90.9637 15.4067 -1.4361 81.1659 15.1596 0.3906 86.5186 15.3498 19.7559 -46.4457 -15.6727 24.6090 26.6443 -40.4193 20.9553 -7.8573 -37.6028 19.8270 -18.3415 -33.6607
3.0854 14.4177 -7.3514 -17.6310 41.2480 -14.0992 -7.7298 67.7106 -19.3999 1.0946 70.0060 -22.6554 3.2361 59.9989 -20.7090 -4.6514 47.5645 -12.0982 14.4709 11.9105 -25.6125 3.2361 59.9989 -20.7090 -5.4091 56.5148 44.6746 -19.3638 49.2476 15.6308 -19.3638 28.9406 15.6308 3.2361 59.9989 -20.7090 94.3697 -4.1866 -42.1390 34.7265 -11.9814 51.4717 34.7265 -64.1233 51.4717 -17.3806 -17.1848 -8.5663 1.1891 88.4867 17.6984 -1.1862 75.5772 17.1659 0.3701 80.2166 17.4845 19.5162 -43.1852 -15.6140 22.3379 31.8479 -40.8658 16.8346 -4.4502 -39.4119 15.5379 -18.2296 -34.2342
3.0099 14.3441 -6.6205 -17.3893 40.4039 -13.5204 -7.1049 65.8959 -18.8116 1.7619 67.8357 -21.4713 3.6444 57.9890 -18.9264 -4.7461 45.5313 -10.5482 14.8948 9.1729 -23.7293 3.6444 57.9890 -18.9264 -2.8368 54.9636 46.8482 -15.9814 47.6660 17.9785 -15.9814 29.6493 17.9785 3.6444 57.9890 -18.9264 91.5468 -2.0288 -44.0075 34.4925 -9.6221 53.2627 34.4925 -60.2709 53.2627 -15.0856 -26.0496 -9.0309 0.7350 83.9246 19.9444 -2.5090 68.6228 18.9570 -1.5264 71.6569 19.2923 19.2255 -39.8307 -15.7421 19.9103 37.1164 -41.3444 12.4054 -0.2741 -40.8357 11.1384 -17.4746 -34.4047
2.9400 14.2812 -5.8628 -16.9070 39.3137 -13.1915 -6.3155 63.8394 -18.0403 2.7567 65.3062 -19.9383 4.4495 55.4848 -16.8222 -4.7097 43.0709 -8.7959 15.2685 6.5963 -21.8397 4.4495 55.4848 -16.8222 -0.9465 53.9584 49.2360 -13.9703 46.3328 19.4651 -13.9703 29.0755 19.4651 4.4495 55.4848 -16.8222 88.0360 0.3676 -45.3682 34.0605 -7.2708 54.9983 34.0605 -60.4901 54.9983 -13.2149 -34.7899 -9.6031 -1.2372 77.2075 21.5905 -4.8488 60.4633 20.0183 -4.4235 61.8621 20.2381 18.8864 -36.3294 -16.2551 17.3652 42.2924 -41.9875 7.9936 4.4190 -41.9200 7.0429 -15.8210 -34.4285
2.8681 14.2608 -5.0545 -16.2294 37.9213 -12.9935 -5.4388 61.4645 -17.0281 3.9374 62.4711 -18.0419 5.5155 52.6623 -14.4386 -4.5354 40.3915 -6.9800 15.6016 4.1171 -20.0852 5.5155 52.6623 -14.4386 0.5275 54.1580 51.9244 -13.5460 45.5551 19.7518 -13.5460 25.8713 19.7518 5.5155 52.6623 -14.4386 84.0952 2.9424 -46.1431 33.4972 -5.0415 56.7072 33.4972 -64.0390 56.7072 -11.7512 -42.7712 -10.4210 -4.3512 68.6472 22.1033 -7.6442 51.2451 19.9840 -7.7799 50.7475 19.8806 18.4883 -32.3575 -17.3648 14.6668 47.2561 -42.8661 3.7392 9.4285 -42.8322 3.3621 -13.4748 -34.4872
2.7911 14.3002 -4.1836 -15.4271 36.2984 -12.8315 -4.5718 58.7541 -15.7838 5.1380 59.3648 -15.8243 6.6744 49.6351 -11.8386 -4.2802 37.5757 -5.2019 15.8803 1.7917 -18.5613 6.6744 49.6351 -11.8386 2.0274 56.0955 54.9699 -14.8360 45.4353 18.4385 -14.8360 19.4822 18.4385 6.6744 49.6351 -11.8386 80.1474 5.5796 -46.2739 33.3214 -2.7661 58.1286 33.3214 -67.8058 58.1286 -10.5656 -49.4777 -11.4109 -7.8816 58.9438 21.3334 -10.4276 41.3279 18.8548 -11.0643 38.5414 18.1336 17.9179 -27.6859 -19.0881 11.7559 51.8295 -43.8759 -0.1629 14.5266 -43.5944 0.2121 -10.8375 -34.5456
2.7071 14.3825 -3.2523 -14.4968 34.4779 -12.5206 -3.7333 55.7275 -14.2751 6.2459 56.0169 -13.3169 7.7908 46.4329 -9.0733 -4.0527 34.6610 -3.4615 16.1382 -0.2561 -17.2836 7.7908 46.4329 -9.0733 3.8248 59.6051 58.2617 -17.7034 45.6407 15.4407 -17.7034 10.8367 15.4407 7.7908 46.4329 -9.0733 76.5711 8.4174 -45.8066 34.4317 0.0520 59.0934 34.4317 -68.5229 59.0934 -9.5525 -54.7567 -12.3933 -11.1823 48.8430 19.5122 -12.9096 31.3444 16.8904 -13.7831 26.3188 15.3659 17.0334 -22.2704 -21.1550 8.6092 55.9391 -44.7289 -3.4213 19.5660 -44.0566 -2.1850 -8.2454 -34.3810
2.6138 14.4919 -2.2613 -13.4452 32.2075 -11.8541 -2.9116 52.3855 -12.4316 7.2089 52.5012 -10.5386 8.7814 43.0778 -6.1696 -3.9260 31.7764 -1.7112 16.4419 -1.9692 -16.2012 8.7814 43.0778 -6.1696 5.8058 64.0188 61.5707 -21.7368 45.7572 11.2478 -21.7368 2.9376 11.2478 8.7814 43.0778 -6.1696 73.4842 11.7303 -44.9150 37.3885 3.8577 59.7446 37.3885 -65.4820 59.7446 -8.7145 -58.5549 -13.1345 -13.8890 38.8902 17.0734 -15.0034 21.8006 14.3623 -15.8407 14.3902 11.8663 15.7659 -16.0277 -23.1552 5.2992 59.6057 -45.0313 -5.7146 24.6350 -43.9882 -3.5258 -5.8035 -33.6922
2.5127 14.6108 -1.2121 -12.4382 29.3991 -10.7125 -2.1739 48.6846 -10.2577 7.9773 48.8441 -7.5607 9.5909 39.6755 -3.1864 -3.8766 29.0538 0.0343 16.8020 -3.4318 -15.2157 9.5909 39.6755 -3.1864 7.4745 68.7083 64.7996 -26.6103 45.5514 6.7075 -26.6103 -0.5194 6.7075 9.5909 39.6755 -3.1864 70.8267 15.5714 -43.7747 42.0284 8.7050 60.3029 42.0284 -60.5635 60.3029 -8.1515 -60.9899 -13.4646 -15.9760 29.3162 14.4358 -16.7313 12.8916 11.4604 -17.2275 3.1787 7.9953 14.1873 -8.9946 -24.5513 2.1456 62.7317 -44.3240 -6.5473 30.0106 -43.0703 -3.2778 -3.1661 -32.2016
2.4130 14.7197 -0.1197 -11.8144 26.4105 -9.1707 -1.6569 44.7041 -7.9258 8.5188 45.0678 -4.5474 10.1914 36.3911 -0.2163 -3.9471 26.4777 1.7895 17.2626 -4.7320 -14.1896 10.1914 36.3911 -0.2163 8.3732 73.2009 67.9859 -32.0413 44.8812 2.3683 -32.0413 1.8413 2.3683 10.1914 36.3911 -0.2163 68.4821 19.7919 -42.4738 47.8569 14.4174 60.8815 47.8569 -55.5263 60.8815 -8.0268 -62.3743 -13.3402 -17.6780 20.0171 11.8286 -18.1075 4.8108 8.5916 -18.0391 -6.6775 4.4168 12.6595 -1.6078 -24.6952 -0.1610 64.9514 -42.1775 -5.6220 36.5410 -41.0690 -0.9869 1.1519 -29.9950
2.3169 14.8279 0.9929 -11.7977 23.4039 -7.1543 -1.4214 40.8352 -5.4860 8.8311 41.4853 -1.6565 10.5353 33.3690 2.6027 -4.2674 23.9446 3.4946 17.8447 -5.9813 -13.1117 10.5353 33.3690 2.6027 8.3050 77.0676 71.2057 -37.5920 43.6492 -1.6362 -37.5920 8.2663 -1.6362 10.5353 33.3690 2.6027 66.4268 24.1349 -40.9950 54.4093 20.7232 61.4163 54.4093 -50.2727 61.4163 -8.5236 -62.8265 -12.6355 -19.2160 10.8032 9.4682 -19.2672 -2.0355 6.4648 -18.5776 -14.8750 1.8367 11.8930 5.5557 -23.0624 -0.7700 65.8817 -38.3135 -3.7817 46.2174 -38.0262 2.7733 9.8561 -27.6590
2.2233 14.9462 2.1068 -12.4531 20.4161 -4.6167 -1.4509 37.4726 -2.9538 8.9294 38.4199 0.9947 10.5573 30.6767 5.1502 -4.9119 21.3862 5.0000 18.4461 -7.3230 -12.1015 10.5573 30.6767 5.1502 7.0099 79.8442 74.4679 -42.9278 41.8645 -5.4693 -42.9278 15.6007 -5.4693 10.5573 30.6767 5.1502 64.7730 28.3431 -39.3528 61.3374 27.2931 61.7428 61.3374 -43.6526 61.7428 -9.7948 -62.4579 -11.2037 -20.7652 1.5798 7.5979 -20.5906 -7.0383 5.4151 -19.3438 -21.0976 0.4446 12.4204 11.8562 -19.7224 0.5346 65.7497 -33.0420 -2.8900 59.8311 -34.1661 5.7162 24.5321 -25.9221
2.1347 15.0557 3.2069 -13.6660 17.7899 -1.8026 -1.7019 34.7357 -0.4582 8.8209 35.8876 3.3610 10.2516 28.3357 7.3972 -5.7985 18.8451 6.2021 18.8804 -8.8575 -11.2646 10.2516 28.3357 7.3972 3.3371 80.5278 77.6617 -48.1278 39.6262 -9.4525 -48.1278 20.8396 -9.4525 10.2516 28.3357 7.3972 63.6128 32.3375 -37.7644 68.4933 33.9117 61.7952 68.4933 -35.3378 61.7952 -11.9022 -61.6273 -9.0421 -22.4963 -7.5307 6.4137 -22.3157 -10.0220 5.2035 -20.5994 -25.4679 -0.1568 14.0096 16.4887 -15.4823 2.7221 65.9681 -27.5274 -1.3196 71.9432 -29.0049 8.0790 39.3328 -23.2192
2.0537 15.1319 4.2779 -14.9917 15.8922 0.8631 -2.0788 32.5762 1.8435 8.5144 33.7925 5.4894 9.7030 26.3891 9.4146 -6.7987 16.5046 7.1896 19.0663 -10.6300 -10.5310 9.7030 26.3891 9.4146 -5.8519 76.2559 80.5356 -53.4212 37.0315 -13.9717 -53.4212 21.7736 -13.9717 9.7030 26.3891 9.4146 62.9144 36.2683 -36.5393 76.0384 40.6362 61.6224 76.0384 -26.3484 61.6224 -14.8643 -60.7511 -6.2913 -24.6261 -16.1001 6.0675 -24.5098 -11.6554 5.8573 -22.2824 -29.1654 -0.1246 15.8190 18.5369 -11.4383 4.1514 68.2115 -23.2869 1.9280 77.9608 -23.8200 11.0695 48.0868 -19.4850
1.9797 15.1776 5.3035 -15.8371 14.5123 3.0461 -2.4487 31.0090 3.8670 8.0460 32.2807 7.4221 9.0253 24.9512 11.2533 -7.8732 14.5539 8.1501 19.0850 -12.6018 -9.6760 9.0253 24.9512 11.2533 -26.5435 61.0997 82.4537 -58.7768 34.1181 -19.1587 -58.7768 17.9928 -19.1587 9.0253 24.9512 11.2533 62.6358 40.3484 -35.7942 84.2657 47.6000 61.1921 84.2657 -17.9070 61.1921 -18.7346 -60.1660 -3.0366 -27.5068 -23.4950 6.7900 -27.6614 -12.6347 8.0303 -25.0715 -31.4351 1.6495 17.0898 17.5716 -8.2383 3.8891 72.7031 -21.0327 3.2982 80.7613 -21.0148 12.0782 52.8303 -17.4535
1.9153 15.2069 6.2803 -15.9129 13.1516 4.5968 -2.6791 29.9785 5.5450 7.5121 31.4396 9.1242 8.3082 24.0005 12.8980 -8.9769 13.0287 9.1511 19.0038 -14.5969 -8.5776 8.3082 24.0005 12.8980 -57.0942 36.5058 82.0416 -63.9546 30.9908 -24.8746 -63.9546 10.7968 -24.8746 8.3082 24.0005 12.8980 62.7991 44.6796 -35.3392 93.2001 54.6975 60.3466 93.2001 -10.2625 60.3466 -23.1508 -60.0461 0.3537 -31.1434 -28.8689 8.4949 -32.1141 -12.9404 11.8793 -29.7417 -30.1878 5.9453 17.5373 14.0546 -5.7728 2.1527 78.2510 -20.2957 1.2850 83.2883 -20.3923 9.7171 57.0445 -17.5103
1.8662 15.2114 7.2168 -15.4897 11.5831 5.4698 -2.7908 29.3397 6.7650 7.0119 31.0874 10.4945 7.6184 23.2954 14.2849 -9.9542 11.7515 10.0696 18.8516 -16.4275 -7.3349 7.6184 23.2954 14.2849 -78.8189 20.9108 78.8494 -68.8506 27.9597 -30.8961 -68.8506 2.3113 -30.8961 7.6184 23.2954 14.2849 63.4318 49.2466 -34.8251 102.4494 61.5658 58.8739 102.4494 -2.7809 58.8739 -26.8106 -60.1058 2.8673 -34.5257 -31.0799 10.3907 -36.5144 -11.8153 15.9189 -35.0921 -23.8899 11.6287 17.1568 8.6658 -3.6514 -0.3683 83.4450 -20.3622 -2.2775 85.4570 -20.5562 5.2282 62.5944 -18.5284
1.8338 15.1608 8.1219 -15.0995 9.9953 5.8867 -2.8447 29.0014 7.5446 6.6505 30.9423 11.4987 7.0004 22.5445 15.4026 -10.6615 10.4931 10.7951 18.7017 -18.0557 -6.0463 7.0004 22.5445 15.4026 -89.0536 16.8372 73.8918 -73.6683 25.4697 -36.8790 -73.6683 -4.9098 -36.8790 7.0004 22.5445 15.4026 64.5879 53.9740 -33.9922 111.4512 67.7655 56.6273 111.4512 4.7920 56.6273 -29.2531 -60.4154 4.3323 -37.3597 -30.0208 12.3125 -38.3850 -8.7432 16.8623 -38.3358 -9.5448 16.5692 16.1144 1.9054 -1.5246 -2.9181 87.1985 -20.7592 -5.5121 85.6305 -20.8698 0.5804 67.2989 -19.4919
1.8078 15.0463 8.9997 -14.8761 8.8308 6.3873 -2.8092 28.9993 8.2004 6.4390 30.8440 12.2974 6.4392 21.5998 16.3302 -11.1270 9.0847 11.3447 18.6355 -19.5850 -4.6999 6.4392 21.5998 16.3302 -93.7343 18.2433 67.8810 -78.7886 24.0341 -42.4255 -78.7886 -8.5134 -42.4255 6.4392 21.5998 16.3302 66.3833 58.7598 -32.7414 119.8271 73.0155 53.6138 119.8271 11.6068 53.6138 -31.0447 -61.2509 5.4252 -40.1124 -26.7519 14.6996 -39.3514 -7.5930 15.5090 -39.3818 6.9661 20.7934 14.6794 -5.9128 0.8997 -4.7579 88.6665 -21.1682 -8.3144 82.9370 -21.1484 -3.9982 69.9762 -20.1751
1.7685 14.8903 9.8524 -14.2622 8.5051 7.5332 -2.6342 29.3135 9.2200 6.1557 30.7407 13.1891 5.8637 20.5560 17.1436 -11.5132 7.6065 11.8153 18.6958 -21.1838 -3.2323 5.8637 20.5560 17.1436 -96.0868 21.6650 61.2128 -84.4041 24.0794 -47.4095 -84.4041 -7.9477 -47.4095 5.8637 20.5560 17.1436 68.8823 63.5764 -30.9931 127.6540 77.5096 49.9895 127.6540 16.8136 49.9895 -31.9665 -62.5549 6.1855 -42.2805 -22.2741 17.2863 -41.3493 -9.9563 16.0628 -41.0207 14.0570 24.6764 13.0501 -14.5425 3.9938 -5.3063 87.1315 -21.1360 -10.8849 76.9274 -21.0910 -8.5676 69.8900 -20.4453
1.6887 14.7152 10.6801 -12.7994 8.8440 9.4598 -2.4482 29.8174 10.9058 5.5202 30.7459 14.4189 5.2448 19.7323 17.9332 -12.0423 6.3456 12.3519 18.9494 -22.9956 -1.6309 5.2448 19.7323 17.9332 -97.1003 25.8906 54.1252 -90.6740 26.0805 -52.0947 -90.6740 -4.4543 -52.0947 5.2448 19.7323 17.9332 71.9903 68.5833 -28.5979 135.1903 81.7639 45.8033 135.1903 20.8432 45.8033 -31.6283 -64.2958 6.6872 -43.2754 -17.3490 19.8835 -42.9026 -12.2895 18.9400 -42.8576 12.8135 27.9785 11.3614 -23.6195 8.3929 -4.1752 82.0076 -19.7297 -12.2432 67.5532 -20.1992 -11.9459 66.6181 -20.0812
1.5560 14.5230 11.4869 -11.0506 9.2736 11.9450 -2.3299 30.3122 13.1462 4.6696 30.9031 16.0405 4.6100 19.3086 18.9371 -12.8576 5.5321 13.1597 19.3870 -25.0197 0.0802 4.6100 19.3086 18.9371 -96.6588 31.0040 46.4826 -98.4433 31.2625 -56.7996 -98.4433 1.1512 -56.7996 4.6100 19.3086 18.9371 75.5002 73.9922 -25.3482 142.5930 86.3625 41.0682 142.5930 24.8164 41.0682 -30.6018 -66.5947 7.8485 -43.6801 -12.9783 23.0950 -43.2040 -13.0562 21.1215 -43.4569 9.9063 29.4442 9.5748 -32.5568 14.7555 -1.5454 73.2515 -15.6803 -11.4306 54.9227 -17.6698 -12.2432 57.7254 -18.1849
1.3900 14.3514 12.2779 -9.8873 9.3150 14.6038 -2.2343 30.6559 15.5537 3.9762 31.0386 17.9466 3.9686 18.9339 20.3919 -13.8044 5.0406 14.2877 19.7650 -27.0668 1.7199 3.9686 18.9339 20.3919 -95.0184 35.4782 37.8750 -106.4327 39.1252 -61.6301 -106.4327 7.0253 -61.6301 3.9686 18.9339 20.3919 79.2869 79.2525 -20.9939 149.5518 91.5829 36.4664 149.5518 29.0693 36.4664 -29.6940 -68.8263 10.2736 -44.2222 -9.5635 27.2948 -43.3486 -13.7255 22.7492 -43.8147 7.5738 30.5088 7.1040 -40.5585 22.9277 1.2732 61.7701 -8.3752 -8.8592 40.1753 -12.7293 -9.5630 43.1681 -13.4995
1.2137 14.1825 13.0726 -9.4949 8.6951 17.1964 -2.0620 30.7040 17.8966 3.5883 30.9224 20.0462 3.2586 18.1792 22.3562 -14.7656 4.3779 15.6086 19.9139 -28.7018 3.0423 3.2586 18.1792 22.3562 -93.2793 35.2948 28.6897 -107.1404 42.2179 -67.5105 -107.1404 6.2315 -67.5105 3.2586 18.1792 22.3562 83.2298 82.4790 -15.6687 155.6980 97.1872 34.0589 155.6980 32.8262 34.0589 -29.1033 -70.4596 13.5884 -45.0008 -7.0002 32.0566 -43.7747 -15.4243 24.6498 -44.5502 5.0031 32.1361 3.2141 -47.3007 31.8309 2.7478 49.0064 1.4625 -5.9093 25.6123 -5.0621 -5.9828 26.0799 -5.2132
1.0457 14.0668 13.8762 -9.5351 7.0098 19.9135 -1.8342 30.2305 20.4255 3.3955 30.4907 22.4725 2.5330 17.0242 24.7959 -15.7112 3.3995 17.0937 19.8659 -29.8137 4.0325 2.5330 17.0242 24.7959 -91.2731 30.4451 19.7877 -92.9381 31.5712 -74.5364 -92.9381 -9.2739 -74.5364 2.5330 17.0242 24.7959 86.6954 83.4523 -9.7338 162.1847 103.6981 34.4152 162.1847 36.3916 34.4152 -28.5477 -70.7980 17.1884 -45.4537 -4.5699 36.9200 -43.9598 -17.6818 26.9226 -45.1125 2.4597 34.3502 -2.2156 -52.3175 40.6562 2.1505 36.1528 12.9274 -4.0397 13.4088 5.5227 -3.7946 10.1550 6.6911
0.8899 14.0157 14.6887 -9.8735 4.3274 23.1204 -1.8383 28.8583 23.5303 3.1665 29.5059 25.3759 2.0122 15.6673 27.5575 -16.4444 2.3351 18.8332 19.5953 -30.4984 5.0359 2.0122 15.6673 27.5575 -87.5181 26.2332 11.5460 -62.5491 5.5231 -81.0627 -62.5491 -41.3843 -81.0627 2.0122 15.6673 27.5575 89.1949 84.3302 -2.8680 170.7048 112.7445 35.1227 170.7048 42.8832 35.1227 -27.6276 -69.7942 20.6522 -45.0297 -1.8217 41.5796 -43.4687 -19.4140 29.0881 -44.9315 -0.0769 36.2623 -9.3710 -55.9210 49.5447 -0.8244 24.1169 25.5385 -4.6919 4.6388 18.3500 -4.6364 -2.2557 20.8637
0.7378 13.9841 15.5243 -10.5498 1.0379 27.2547 -2.3793 26.3402 27.5289 2.6139 27.5942 28.8411 1.7546 14.0295 30.4941 -16.9044 1.0540 20.8616 19.0136 -30.5219 6.4077 1.7546 14.0295 30.4941 -81.2008 25.2127 3.5065 13.9857 -64.8760 -85.2042 13.9857 -117.0934 -85.2042 1.7546 14.0295 30.4941 91.3350 86.6944 5.7128 -178.7220 124.7408 33.4406 -178.7220 55.8637 33.4406 -26.2178 -68.0577 23.9640 -43.7692 1.2010 46.0512 -42.5054 -20.3043 30.9746 -44.1190 -2.8092 37.5025 -19.2041 -60.0265 58.5619 -6.3369 13.8885 38.3325 -8.7251 -1.4303 30.5449 -9.2762 -12.3763 34.3861
0.5726 13.9464 16.4056 -11.8938 -2.8569 32.3960 -3.8203 22.6023 32.4070 1.3428 24.5181 32.8411 1.3778 11.7891 33.6247 -17.5282 -0.9547 23.0868 18.1732 -29.5513 8.1595 1.3778 11.7891 33.6247 -72.6975 24.3722 -4.5894 77.2737 -119.9430 -78.7455 77.2737 -173.2708 -78.7455 1.3778 11.7891 33.6247 94.5460 89.6663 16.0168 -167.7473 137.6812 29.4568 -167.7473 74.5746 29.4568 -24.3367 -65.8777 27.5750 -41.9081 4.2128 50.7400 -41.3674 -20.8966 32.6570 -43.0227 -5.6762 38.3660 -31.4562 -66.5853 66.6835 -12.8772 7.4084 49.0586 -14.4016 -6.1192 39.2281 -16.1503 -22.0533 44.4234
0.4093 13.9679 17.3020 -14.3823 -7.3077 37.9400 -6.0842 18.1015 37.6113 -0.5725 20.5676 37.1246 0.4501 8.7954 37.0870 -18.6364 -3.7749 25.4113 17.1376 -28.0615 10.0430 0.4501 8.7954 37.0870 -62.3507 20.9414 -12.4388 91.3628 -124.2143 -69.3021 91.3628 -174.2224 -69.3021 0.4501 8.7954 37.0870 99.8561 92.6927 27.0639 -156.9981 149.8692 24.1511 -156.9981 94.1738 24.1511 -22.1154 -62.9795 31.4931 -39.4250 7.1011 55.5224 -40.1297 -21.2735 34.2387 -41.7306 -8.4093 39.0868 -38.8678 -71.1019 72.2470 -15.3406 7.6678 55.0403 -17.2839 -8.2893 43.4611 -20.4684 -29.3392 49.8798
0.2884 14.0931 18.1652 -17.4219 -11.4436 42.6843 -8.2811 13.9373 42.1948 -2.5734 16.5240 41.1804 -1.2758 5.2056 40.7427 -20.1706 -6.9395 27.7262 16.0223 -27.1037 12.0237 -1.2758 5.2056 40.7427 -50.3061 14.5166 -19.0872 97.6948 -119.7162 -59.9816 97.6948 -165.2524 -59.9816 -1.2758 5.2056 40.7427 107.8645 96.6739 37.6766 -146.3682 160.3703 17.4572 -146.3682 109.7068 17.4572 -19.8227 -59.1852 34.9567 -36.0752 10.1695 59.5139 -38.5645 -20.8818 35.8766 -39.9072 -11.0875 39.5848 -32.8579 -65.1235 75.0456 -11.4664 14.0772 56.2822 -15.6332 -6.8393 44.2902 -19.0706 -29.7503 51.2822
0.2380 14.3887 18.9634 -19.3386 -14.2908 46.0511 -9.7124 10.5909 45.6881 -4.3700 12.8705 44.6442 -3.5519 1.6300 44.1661 -21.9895 -10.0014 29.9104 15.1125 -27.2128 14.3424 -3.5519 1.6300 44.1661 -37.3048 6.1121 -23.2276 102.0287 -112.9029 -51.9062 102.0287 -155.4494 -51.9062 -3.5519 1.6300 44.1661 119.0221 103.0151 46.8030 -136.2251 168.4701 9.1076 -136.2251 118.7262 9.1076 -18.0892 -54.3356 37.3620 -31.9829 13.6016 61.9074 -36.4832 -19.1860 37.7345 -37.2486 -13.9010 39.7445 -17.3436 -50.0763 75.2225 -5.2214 21.5120 55.0027 -11.6543 -3.3774 43.4402 -14.2619 -25.2269 50.4299
0.2470 14.8321 19.7203 -19.3169 -15.5366 47.9890 -10.8871 7.5900 47.9505 -6.2596 9.3920 47.3101 -5.7363 -1.5154 46.9836 -23.7531 -13.1140 31.7330 14.5190 -28.0237 16.9430 -5.7363 -1.5154 46.9836 -24.7071 -2.6816 -24.0986 105.0593 -105.0611 -45.7474 105.0593 -147.0760 -45.7474 -5.7363 -1.5154 46.9836 133.7642 112.7044 53.6307 -127.0669 173.9714 -0.1853 -127.0669 121.9528 -0.1853 -17.0362 -48.6346 38.9324 -27.6577 16.9535 62.7990 -34.0398 -16.0837 39.4921 -33.9969 -16.3818 39.3785 -2.7557 -34.5346 73.6313 0.2098 27.0162 53.3910 -7.3692 0.3147 43.0664 -9.0472 -19.7983 49.8064
0.2994 15.3847 20.4432 -18.4274 -15.7513 48.9675 -12.1191 4.8149 49.2531 -8.1301 6.0344 49.1679 -7.4219 -4.2983 49.0717 -24.9880 -16.6644 32.9666 14.1097 -28.8693 19.3011 -7.4219 -4.2983 49.0717 -13.4319 -10.5180 -22.2361 106.8587 -96.5645 -41.5194 106.8587 -140.7352 -41.5194 -7.4219 -4.2983 49.0717 151.7543 125.4560 57.4782 -119.0041 177.1984 -8.9164 -119.0041 122.1553 -8.9164 -16.4155 -42.5098 40.0743 -23.7228 19.3948 62.5781 -31.6235 -11.7004 40.6209 -30.8759 -17.5125 38.4077 7.8289 -21.3416 71.4016 4.5759 30.6126 52.4191 -3.0854 4.4901 43.6716 -3.9540 -14.6449 50.3416
0.3924 16.0400 21.1294 -17.6767 -15.3759 49.5128 -13.0811 2.5290 50.0473 -9.7534 2.6868 50.4522 -9.0405 -7.4801 50.5866 -25.6747 -20.3570 33.6796 13.9351 -29.5028 21.1243 -9.0405 -7.4801 50.5866 -3.6271 -16.8688 -18.7977 107.5854 -87.8136 -38.6381 107.5854 -136.1341 -38.6381 -9.0405 -7.4801 50.5866 170.2818 138.7655 58.2182 -112.1540 178.7890 -15.7691 -112.1540 122.0084 -15.7691 -16.1165 -36.2141 40.9683 -20.6510 20.3347 61.4555 -29.4801 -5.8979 41.0039 -28.5495 -15.8471 37.2443 15.2341 -10.4246 68.8096 8.5032 32.8025 51.8972 1.4374 10.1869 44.3994 1.6082 -8.2244 51.1086
0.5229 16.7936 21.7930 -17.2176 -14.7098 50.1524 -13.8376 0.3627 50.7600 -11.4497 -1.1363 51.3813 -11.1280 -11.5318 51.6142 -26.1756 -23.7414 33.9754 14.0751 -29.9202 22.4305 -11.1280 -11.5318 51.6142 5.0092 -21.6857 -14.7764 107.5710 -79.2788 -36.5108 107.5710 -132.1896 -36.5108 -11.1280 -11.5318 51.6142 -173.6176 150.1957 56.9928 -106.9201 179.8430 -20.4110 -106.9201 122.9304 -20.4110 -16.1290 -29.8180 41.5897 -18.6179 19.6624 59.4700 -27.2592 1.9920 41.3988 -26.7887 -10.8127 36.6575 20.0826 -1.8911 65.8339 12.1370 33.8788 51.3195 5.7956 17.9959 44.3206 7.4099 0.1341 51.1315
0.6843 17.6164 22.4481 -16.9818 -13.9125 51.0274 -14.7712 -2.0839 51.4665 -13.4445 -5.5782 51.9514 -13.4795 -16.1671 52.1130 -26.6534 -27.2019 33.7621 14.2678 -30.0572 23.2266 -13.4795 -16.1671 52.1130 12.9218 -24.9959 -10.7563 107.1983 -71.2577 -34.8644 107.1983 -127.7890 -34.8644 -13.4795 -16.1671 52.1130 -159.8969 160.1456 55.0775 -103.5210 -178.4888 -23.4475 -103.5210 124.9433 -23.4475 -16.3729 -23.6524 41.5778 -17.5305 17.8331 56.5447 -23.9609 13.5036 43.4997 -24.6983 -0.2477 38.7170 22.7400 3.7737 62.8734 15.0966 33.8875 50.5258 8.4161 27.3979 42.4891 11.4570 12.1582 48.4249
0.8603 18.4367 23.0838 -16.9359 -13.0758 51.9593 -16.0779 -4.8103 52.0269 -15.4151 -10.0699 52.1324 -15.2128 -20.3585 52.1849 -26.7419 -31.0283 33.1169 14.1312 -30.1312 23.4538 -15.2128 -20.3585 52.1849 20.4080 -26.9553 -7.0597 106.4761 -63.7492 -33.5220 106.4761 -122.2204 -33.5220 -15.2128 -20.3585 52.1849 -147.4226 169.3869 52.6855 -101.3465 -175.9085 -25.4307 -101.3465 127.5020 -25.4307 -16.8547 -18.7347 40.4732 -17.2762 16.0888 53.0074 -17.9159 27.8508 50.3758 -19.4595 19.8237 48.0943 23.3864 5.8532 59.8783 16.6806 33.1461 48.8099 8.1756 34.8601 38.0017 10.7471 25.7009 41.3915
1.0160 19.2144 23.6584 -16.8182 -12.1024 52.7755 -17.4384 -7.1103 52.4634 -16.8521 -13.6483 52.2575 -15.8373 -23.3871 52.3627 -26.3943 -34.4719 32.6262 13.9452 -30.4968 23.6341 -15.8373 -23.3871 52.3627 27.5918 -28.1273 -3.9265 105.0201 -56.6650 -31.9330 105.0201 -115.2708 -31.9330 -15.8373 -23.3871 52.3627 -136.1743 177.1546 49.5042 -99.2546 -173.1574 -26.4107 -99.2546 130.2577 -26.4107 -17.9493 -16.0229 38.6626 -17.9960 15.6854 50.0308 -9.3886 39.6110 61.5873 -5.5297 49.9898 63.3832 22.1064 4.4285 56.1047 16.4407 32.0909 45.1908 7.2990 40.4257 33.3317 8.1380 37.8555 34.1888
1.1113 19.9892 24.1431 -16.9735 -11.6647 53.3620 -18.4227 -8.2528 52.8642 -17.3799 -15.3831 52.6029 -15.4424 -24.9064 52.8967 -26.0393 -36.6564 32.5793 14.2034 -31.1729 24.3200 -15.4424 -24.9064 52.8967 34.4483 -29.1846 -1.7711 102.9534 -50.6184 -29.5357 102.9534 -107.4671 -29.5357 -15.4424 -24.9064 52.8967 -126.9734 -177.8195 45.6382 -96.4070 -171.3776 -26.4697 -96.4070 132.6618 -26.4697 -19.8322 -16.0371 39.6085 -19.8925 15.6083 50.9584 -0.3936 48.9190 71.9325 24.8965 94.3592 74.4035 20.8191 2.9588 52.9361 15.5295 32.2687 41.6045 6.6414 46.8250 31.3351 6.0096 48.5097 30.8423
1.1281 20.7442 24.5588 -18.1582 -12.9590 53.8614 -19.0535 -8.3661 53.3154 -17.1397 -15.2339 53.0694 -14.5261 -25.1639 53.4452 -25.9300 -37.5966 32.6948 14.7252 -31.7915 25.2821 -14.5261 -25.1639 53.4452 40.6553 -30.7083 -0.9558 101.3217 -46.8794 -26.4410 101.3217 -100.2068 -26.4410 -14.5261 -25.1639 53.4452 -119.8644 -175.3594 41.8779 -92.8122 -170.8034 -26.1185 -92.8122 134.3993 -26.1185 -22.3040 -18.2552 45.0087 -22.9093 14.5796 56.9127 6.8118 62.0059 77.6235 49.8493 130.3490 76.5298 21.2847 4.1299 52.7009 15.2330 34.6781 40.9092 5.7759 53.7040 32.2132 3.7936 58.2607 31.0740
1.0957 21.4405 24.9603 -20.2146 -15.9650 54.5590 -19.6062 -8.3837 53.9161 -16.7749 -14.4447 53.4685 -13.7961 -25.1057 53.6989 -25.8341 -38.0001 32.7118 14.9041 -32.0378 25.7207 -13.7961 -25.1057 53.6989 45.5916 -33.3245 -1.6809 100.9471 -46.4880 -23.2770 100.9471 -94.3964 -23.2770 -13.7961 -25.1057 53.6989 -114.2825 -174.4697 38.7478 -88.9106 -171.0165 -25.7412 -88.9106 136.0364 -25.7412 -25.3396 -21.0934 50.6784 -26.8873 13.5522 63.4701 6.3896 71.4548 79.0249 50.1635 140.9051 76.1540 23.3105 7.0946 54.3453 15.6445 38.4434 42.1404 5.8758 60.0221 35.5262 2.9572 65.7454 34.3003
1.0647 22.0885 25.3827 -21.8966 -18.9532 55.7186 -20.3202 -9.1367 54.8061 -16.9776 -14.5640 53.9046 -13.6659 -25.6059 53.9105 -25.6184 -38.4966 32.8173 14.7223 -31.8116 25.6686 -13.6659 -25.6059 53.9105 48.7642 -37.4727 -4.0140 101.8335 -49.7168 -20.5326 101.8335 -90.5309 -20.5326 -13.6659 -25.6059 53.9105 -109.6855 -174.3129 36.2331 -85.0705 -171.5871 -25.4904 -85.0705 138.2248 -25.4904 -28.9076 -23.9627 54.8069 -31.8015 12.6226 68.6491 0.4091 74.0269 79.4564 44.5343 144.1488 76.0462 26.1086 10.4980 56.1729 16.3637 42.6244 43.5512 7.8731 65.4322 39.8291 4.7497 70.6142 38.8540
1.0679 22.7186 25.8300 -22.5239 -20.4908 57.3825 -21.3775 -10.9267 56.0132 -17.9802 -16.2284 54.5928 -14.1611 -26.8110 54.4777 -25.5567 -39.3821 33.1964 14.6306 -31.3114 25.7309 -14.1611 -26.8110 54.4777 50.1059 -42.1509 -7.6780 103.8026 -55.4699 -18.8638 103.8026 -89.6113 -18.8638 -14.1611 -26.8110 54.4777 -105.7821 -174.3780 34.1565 -81.4848 -172.2534 -25.5891 -81.4848 141.1173 -25.5891 -32.9125 -26.7367 57.6134 -37.7656 10.8135 72.3404 -2.2326 78.0250 80.9567 45.0363 152.3811 76.3027 28.6751 13.0350 57.1284 16.9052 46.5114 43.9824 10.3445 69.7943 42.4095 7.4533 74.0645 41.7090
1.1016 23.3430 26.2957 -22.7699 -20.7721 59.4132 -22.7875 -13.5011 57.4952 -19.6427 -19.1716 55.5541 -15.4730 -28.8031 55.3735 -25.9618 -40.6668 33.6779 14.8559 -30.8732 26.0579 -15.4730 -28.8031 55.3735 49.6878 -45.2877 -12.0143 106.6954 -61.7520 -18.8319 106.6954 -93.0528 -18.8319 -15.4730 -28.8031 55.3735 -102.3082 -174.0673 32.4190 -78.4238 -172.5721 -26.2530 -78.4238 145.1578 -26.2530 -37.1133 -29.4630 60.0298 -45.0510 6.7698 75.1715 2.5532 86.9166 83.7217 53.6448 166.5033 76.8139 30.8933 14.6846 57.3197 17.3529 49.9788 43.6050 11.9876 73.1728 42.9953 9.2868 76.9834 42.4665
1.1468 23.9572 26.7783 -23.8614 -21.1509 61.6797 -24.4758 -16.4568 59.2288 -21.7567 -22.8007 56.6589 -17.8479 -31.7214 56.2501 -26.8345 -42.2665 34.0314 15.1548 -30.7473 26.4295 -17.8479 -31.7214 56.2501 47.3912 -45.6573 -16.4516 109.9872 -67.4449 -20.4354 109.9872 -100.7912 -20.4354 -17.8479 -31.7214 56.2501 -99.2642 -173.1780 30.6075 -76.2654 -172.4050 -27.2820 -76.2654 151.2628 -27.2820 -41.3140 -32.2290 62.7003 -54.1984 -0.6462 77.6251 30.9484 116.1425 87.0013 69.8935 -175.2210 77.1022 33.4695 16.5417 57.3375 18.2947 53.1453 43.3022 12.6571 76.3706 42.8010 9.8882 80.2190 42.3786
1.1824 24.5449 27.2812 -26.7339 -23.1597 64.2793 -26.9857 -20.0659 61.2641 -24.4487 -26.7960 57.8774 -21.0232 -35.2189 57.0288 -28.1291 -44.1727 34.2989 15.1909 -30.9978 26.9622 -21.0232 -35.2189 57.0288 42.9215 -43.2718 -20.7295 112.7139 -72.6320 -23.3789 112.7139 -110.5334 -23.3789 -21.0232 -35.2189 57.0288 -96.5079 -171.6874 28.5991 -75.0495 -171.6406 -28.3817 -75.0495 159.5474 -28.3817 -45.5663 -35.3157 65.8310 -66.4833 -12.7044 79.8688 120.7511 -156.4913 86.4579 91.0264 -155.4472 76.1065 37.2195 19.8409 57.7105 20.3160 56.1737 43.9094 13.4246 80.1432 43.3314 10.0575 84.6512 43.0035
1.1947 25.0876 27.8046 -31.5399 -27.5945 67.3461 -31.1466 -24.9787 63.5743 -28.1013 -31.2017 59.1991 -24.5943 -38.8404 57.8989 -29.9662 -46.3849 34.5166 14.9061 -31.5895 27.8321 -24.5943 -38.8404 57.8989 36.1938 -38.4159 -24.8413 113.8355 -77.6297 -27.6960 113.8355 -119.1386 -27.6960 -24.5943 -38.8404 57.8989 -94.0846 -169.9110 26.4808 -74.4445 -170.5178 -29.5759 -74.4445 168.7583 -29.5759 -50.0151 -39.0593 69.0841 -83.0309 -30.1372 81.5766 145.5731 -135.8986 82.8207 108.6089 -141.4901 74.0879 42.7966 25.4525 58.7149 23.7818 59.4374 45.8506 15.7844 84.1855 45.5094 11.3734 89.5699 45.3404
1.1864 25.5793 28.3399 -37.9255 -34.3344 70.9076 -37.0604 -31.2321 66.1154 -33.0211 -36.2816 60.6065 -28.9319 -43.0948 58.9427 -32.2048 -48.5981 34.9404 14.3912 -32.4427 28.9419 -28.9319 -43.0948 58.9427 27.3042 -31.5603 -28.7236 112.4867 -82.4017 -33.4819 112.4867 -124.3633 -33.4819 -28.9319 -43.0948 58.9427 -92.1914 -168.3567 24.0867 -74.2670 -169.5065 -30.5671 -74.2670 177.3887 -30.5671 -55.0583 -43.9845 72.1506 -103.5510 -52.2318 82.3723 154.3598 -131.5011 79.5883 121.1619 -133.3093 71.9002 50.7290 33.8435 60.3025 28.9536 63.5244 49.0874 20.8010 87.9594 49.2936 15.6256 93.3155 49.3312
1.1652 26.0269 28.8759 -46.4732 -43.7279 74.8075 -44.3600 -38.4610 68.7826 -38.9531 -41.8718 61.9203 -34.2087 -48.2212 59.8627 -34.4898 -50.7135 35.6835 13.8253 -33.3290 30.2008 -34.2087 -48.2212 59.8627 16.3695 -23.5565 -32.1597 107.9416 -86.3802 -40.5202 107.9416 -125.0062 -40.5202 -34.2087 -48.2212 59.8627 -90.9255 -167.2900 21.1746 -74.5558 -168.8507 -30.9351 -74.5558 -175.4172 -30.9351 -61.7429 -51.1963 75.0557 -125.6462 -76.3633 82.0468 158.8042 -130.9723 76.2722 130.6785 -128.0731 69.2497 61.4514 45.1849 62.0326 36.2483 69.1543 53.1673 29.0005 92.1608 53.9792 23.7814 96.3731 54.2077
1.1343 26.4344 29.4056 -60.1457 -58.4182 78.5003 -53.0549 -46.7398 71.3102 -45.1310 -47.3000 62.9638 -39.5922 -53.2877 60.4534 -36.7945 -52.8381 36.3428 13.3224 -34.2148 31.6189 -39.5922 -53.2877 60.4534 3.7325 -15.4942 -34.7860 99.2833 -88.2146 -48.3404 99.2833 -120.2966 -48.3404 -39.5922 -53.2877 60.4534 -90.2473 -166.6494 17.9938 -75.2765 -168.4825 -30.7302 -75.2765 -169.1336 -30.7302 -72.0141 -62.6232 77.8158 -144.9688 -98.0871 80.5217 161.0529 -132.0975 72.4387 138.2612 -124.8172 65.9140 74.6239 58.8732 63.1552 46.0541 76.9434 57.2694 39.9034 97.7921 58.4432 34.8783 100.7809 58.8709
1.0984 26.7978 29.9246 -82.4026 -81.6746 80.7400 -62.9780 -56.0613 73.3213 -50.8649 -52.0498 63.7508 -44.3955 -57.5951 60.7915 -38.8716 -54.7603 36.9042 12.9481 -35.1376 33.0745 -44.3955 -57.5951 60.7915 -9.7269 -8.6845 -36.1333 84.9351 -85.5174 -55.9878 84.9351 -109.3028 -55.9878 -44.3955 -57.5951 60.7915 -90.2741 -166.5383 14.7631 -76.3251 -168.5860 -30.2751 -76.3251 -163.3121 -30.2751 -87.3786 -79.5583 79.9553 -157.9536 -113.6433 78.1750 162.0909 -133.9638 68.1989 144.2471 -123.5680 62.1283 88.4455 72.9374 63.1069 58.0797 86.7938 60.4794 51.7094 104.5650 61.7977 46.9696 106.7039 62.4186
1.0659 27.1133 30.4301 -105.5160 -105.6620 80.7315 -72.9007 -65.3962 74.6724 -56.0557 -56.2323 64.4487 -48.9985 -61.6077 61.0065 -40.8917 -56.6297 37.3240 12.7619 -35.5886 34.2836 -48.9985 -61.6077 61.0065 -22.8441 -4.2345 -35.7923 63.0542 -75.6077 -61.7185 63.0542 -91.3314 -61.7185 -48.9985 -61.6077 61.0065 -91.0216 -166.9492 11.4955 -77.8054 -169.1765 -29.5772 -77.8054 -158.0986 -29.5772 -105.8869 -99.7358 80.9874 -165.4502 -123.6325 75.7221 162.6018 -136.2403 63.9588 148.7971 -124.1838 58.2934 100.4935 84.8541 61.9991 70.7425 97.2293 62.2579 63.2762 112.1715 63.9111 58.9038 113.8904 64.7172
1.0426 27.3792 30.9210 -118.3490 -119.1160 79.6926 -80.6527 -72.6789 75.4676 -60.3043 -59.6445 65.0583 -53.2205 -65.3169 61.0880 -42.8729 -58.5226 37.5263 12.6917 -35.5280 35.3911 -53.2205 -65.3169 61.0880 -34.7866 -2.6176 -33.6497 35.2660 -59.6226 -63.3384 35.2660 -69.4145 -63.3384 -53.2205 -65.3169 61.0880 -92.3898 -167.6153 8.2322 -80.1519 -169.8413 -28.0648 -80.1519 -152.0901 -28.0648 -120.9080 -116.2021 81.0819 -169.2587 -129.6065 73.8554 163.0993 -139.1038 60.3692 152.2304 -126.4061 54.9774 109.3453 93.1377 60.4695 81.6715 105.8973 62.7207 74.7070 120.6554 64.7978 69.9937 122.7056 66.0092
1.0274 27.5956 31.3988 -122.8870 -123.9460 79.0595 -84.9970 -76.6704 75.9555 -63.3414 -62.1016 65.5077 -56.6920 -68.4456 61.0438 -44.7201 -60.3291 37.4832 12.7062 -35.3819 36.6731 -56.6920 -68.4456 61.0438 -45.1888 -3.7200 -29.9490 9.3542 -45.1225 -60.1526 9.3542 -52.4999 -60.1526 -56.6920 -68.4456 61.0438 -94.3134 -168.2689 5.2139 -83.6700 -170.1955 -25.2734 -83.6700 -142.9989 -25.2734 -126.9765 -123.2276 81.0554 -170.3044 -132.2602 73.1991 163.7846 -142.7655 58.2680 154.9469 -130.0736 53.0145 114.6094 97.4107 59.2212 88.9334 110.8716 62.4289 84.3795 127.7547 64.5135 78.4532 131.1008 66.5343
1.0172 27.7617 31.8673 -123.2310 -124.3340 79.0982 -86.5456 -77.9967 76.2650 -65.5699 -63.9880 65.7596 -59.6665 -71.1937 60.8731 -46.2606 -61.8905 37.5367 12.8097 -35.5336 38.1567 -59.6665 -71.1937 60.8731 -54.1139 -7.6658 -25.2764 -9.5844 -37.5830 -53.2933 -9.5844 -45.4577 -53.2933 -59.6665 -71.1937 60.8731 -96.6105 -168.3874 2.9406 -88.0619 -169.8122 -21.6519 -88.0619 -131.7980 -21.6519 -122.5509 -119.2003 81.4519 -168.8772 -131.7492 74.0275 164.6722 -146.7372 58.4185 157.3643 -134.8925 53.3840 116.3464 97.9020 58.6914 91.8108 111.5010 61.9299 89.4413 129.8192 63.6399 82.1339 134.6516 66.4434
1.0097 27.8760 32.3301 -121.2900 -122.3390 79.4323 -86.6759 -78.0510 76.4040 -67.5282 -65.7624 65.8707 -62.4925 -73.7934 60.6216 -47.7736 -63.4628 37.4840 12.9678 -35.7637 39.6922 -62.4925 -73.7934 60.6216 -61.8890 -15.1647 -20.4974 -22.3621 -37.3065 -43.9472 -22.3621 -45.9363 -43.9472 -62.4925 -73.7934 60.6216 -98.7650 -165.1732 2.1967 -92.9048 -166.0296 -18.7069 -92.9048 -121.4704 -18.7069 -109.5778 -106.3505 81.9224 -165.4419 -128.6661 75.8101 165.7158 -149.9471 60.6264 159.6099 -139.7942 56.0667 114.8809 95.2104 58.8838 90.7513 108.3469 61.4257 89.6411 126.0617 62.6520 81.4909 131.2886 65.5087
1.0034 27.9367 32.7888 -117.8150 -118.8240 79.6924 -86.3561 -77.8043 76.3873 -69.4721 -67.6519 65.9300 -65.2881 -76.3735 60.3540 -49.3467 -65.0408 37.3961 13.0200 -36.0886 41.3093 -65.2881 -76.3735 60.3540 -68.6676 -26.5768 -16.2176 -31.3286 -42.7493 -32.9482 -31.3286 -49.9044 -32.9482 -65.2881 -76.3735 60.3540 -99.7954 -153.8378 3.2322 -98.4169 -154.0037 -16.8419 -98.4169 -112.8469 -16.8419 -93.7463 -90.7558 81.9293 -160.9184 -124.1986 77.6893 166.8735 -151.8537 63.7407 161.2794 -143.1579 59.5664 111.2552 90.6235 59.4217 87.3594 103.1437 60.8787 87.3186 118.9381 61.6095 79.5048 123.5256 63.7863
0.9971 27.9392 33.2444 -112.9930 -114.0180 79.7813 -85.8763 -77.5523 76.2822 -71.5899 -69.8264 66.0198 -68.2669 -79.1341 60.1009 -51.0205 -66.6195 37.3071 13.0028 -36.4884 42.9104 -68.2669 -79.1341 60.1009 -74.4623 -40.9735 -12.4112 -38.1890 -51.8008 -21.1228 -38.1890 -55.1898 -21.1228 -68.2669 -79.1341 60.1009 -99.7424 -136.6738 4.6205 -104.3342 -136.2728 -14.4944 -104.3342 -105.5167 -14.4944 -81.4853 -79.0429 81.5899 -156.9396 -120.2244 79.0609 168.1832 -152.5085 66.6828 162.1460 -144.3278 62.4613 107.2180 85.9867 59.9343 83.7080 98.0777 60.3556 85.2190 112.0111 60.6736 78.8573 115.5959 62.0206
0.9903 27.8819 33.6963 -107.1240 -108.2320 79.7216 -86.1181 -78.1622 76.3159 -75.0715 -73.4070 66.4703 -72.7256 -83.2643 60.0682 -53.4230 -68.5130 36.9955 12.9180 -37.1120 44.3353 -72.7256 -83.2643 60.0682 -79.4285 -56.5141 -8.8194 -43.6380 -62.3027 -9.1967 -43.6380 -62.1437 -9.1967 -72.7256 -83.2643 60.0682 -98.9991 -115.3282 5.6182 -110.6207 -114.7640 -11.1051 -110.6207 -99.6246 -11.1051 -74.1581 -72.5524 81.2916 -154.6562 -118.0525 79.8137 169.6268 -152.0374 68.9194 162.5568 -143.9747 64.4318 104.4934 82.9908 60.3567 81.3334 94.7604 60.1280 84.6913 107.6253 60.1840 79.7997 110.3445 61.0107
0.9845 27.7681 34.1428 -101.1330 -102.3670 79.5288 -87.0704 -79.5785 76.4627 -79.7352 -78.2275 67.0768 -78.2355 -88.4126 60.0539 -56.1949 -70.5862 36.5700 12.7732 -37.8981 45.5517 -78.2355 -88.4126 60.0539 -83.9232 -70.9271 -5.2488 -47.7877 -71.8916 2.2982 -47.7877 -72.3891 2.2982 -78.2355 -88.4126 60.0539 -98.0257 -94.5373 5.9642 -117.0386 -94.3258 -7.2188 -117.0386 -96.9607 -7.2188 -70.0135 -69.4216 81.1151 -153.5861 -117.2656 80.1408 171.1369 -150.4719 70.4334 162.9841 -142.8151 65.8092 103.7870 82.2777 60.8186 80.6377 93.6100 60.4051 85.5350 106.2609 60.3022 81.1801 108.6170 60.9733
0.9810 27.6021 34.5821 -96.5883 -97.9461 79.2244 -88.1110 -81.1648 76.4904 -83.8676 -82.6847 67.4043 -82.7883 -92.7892 59.8648 -58.3396 -72.3730 36.3877 12.5752 -38.6853 46.6588 -82.7883 -92.7892 59.8648 -88.1576 -82.9667 -1.5838 -50.8105 -79.0039 13.2357 -50.8105 -86.4562 13.2357 -82.7883 -92.7892 59.8648 -100.7504 -95.4307 8.0816 -119.5536 -95.8525 -5.5520 -119.5536 -97.8170 -5.5520 -67.5504 -68.0934 80.9547 -152.5959 -116.7614 80.2263 172.7299 -148.0399 71.3896 163.5736 -141.0695 66.7877 104.8880 83.5897 61.3988 81.3253 94.2815 61.1855 86.9028 107.1425 60.9825 82.1915 109.5472 61.7318
0.9800 27.3846 35.0142 -94.6803 -96.1417 78.8423 -89.3069 -82.9553 76.3586 -86.6392 -85.9132 67.4433 -85.5920 -95.5887 59.6289 -59.5644 -73.8297 36.6849 12.3042 -39.5028 47.8952 -85.5920 -95.5887 59.6289 -92.0518 -93.2602 2.2054 -53.4003 -84.0926 23.7510 -53.4003 -102.6540 23.7510 -85.5920 -95.5887 59.6289 -103.9809 -101.0330 11.0397 -121.1949 -102.0543 -4.3492 -121.1949 -99.7192 -4.3492 -66.4430 -68.2449 80.7665 -151.2912 -116.1475 80.0990 174.5362 -145.1899 71.9040 164.3678 -138.8759 67.3550 107.2881 86.4032 62.0704 82.9819 96.2905 62.3409 88.0036 108.9958 62.1288 82.6903 111.4467 63.0308
0.9780 27.1144 35.4389 -95.8499 -97.4333 78.3274 -91.9825 -86.1233 76.2397 -89.4840 -89.1568 67.4886 -88.0733 -98.1361 59.4733 -60.6313 -75.4851 37.3032 11.9115 -40.4374 49.5267 -88.0733 -98.1361 59.4733 -95.5083 -102.6415 6.1278 -56.5462 -88.5126 33.6582 -56.5462 -117.2699 33.6582 -88.0733 -98.1361 59.4733 -106.6613 -102.7570 14.0180 -123.2958 -104.5388 -1.9242 -123.2958 -100.3070 -1.9242 -66.9654 -70.1841 80.5891 -149.9887 -115.7313 79.6918 176.7655 -142.3488 72.0265 165.6676 -136.5180 67.5305 110.6105 90.3309 62.7409 85.4019 99.3567 63.7190 88.6072 110.9068 63.6318 82.8896 113.1574 64.6420
0.9730 26.7919 35.8587 -99.5214 -101.2760 77.5628 -96.4543 -90.8528 76.0549 -93.0348 -92.9518 67.5117 -90.8484 -101.0921 59.3070 -61.9135 -77.5924 38.1478 11.3423 -41.4694 51.7006 -90.8484 -101.0921 59.3070 -98.6655 -110.9266 10.0944 -60.6646 -92.9385 42.3183 -60.6646 -126.9207 42.3183 -90.8484 -101.0921 59.3070 -108.8795 -101.3297 17.3327 -125.8704 -104.1820 1.6757 -125.8704 -100.1962 1.6757 -69.6296 -74.4365 80.4896 -149.2869 -116.0977 78.9145 179.6554 -139.6548 71.8206 167.9616 -134.2081 67.4510 114.6577 95.1555 63.2885 88.6139 103.4355 65.1743 88.9915 112.7220 65.3647 82.8092 114.6489 66.4724
0.9661 26.4205 36.2758 -104.7320 -106.6600 76.4562 -102.3026 -96.7179 75.5834 -97.2484 -97.2940 67.3796 -93.9483 -104.5467 59.1224 -63.4855 -80.0826 39.1715 10.6582 -42.4799 54.3756 -93.9483 -104.5467 59.1224 -101.7227 -117.8306 13.8314 -65.2782 -97.2520 49.4964 -65.2782 -131.0183 49.4964 -93.9483 -104.5467 59.1224 -111.4205 -102.6116 21.6049 -127.9420 -106.5632 5.6145 -127.9420 -101.2551 5.6145 -74.9587 -81.4919 80.4559 -149.4218 -117.4603 77.7020 -176.6834 -137.0890 71.3386 171.5386 -132.0066 67.2214 119.2617 100.6879 63.6140 92.7127 108.5542 66.5838 89.5938 114.7380 67.2219 82.4734 116.3143 68.5048
0.9612 26.0048 36.6900 -110.4870 -112.5180 74.9875 -108.6679 -102.9318 74.6599 -101.8772 -101.9869 67.0606 -97.3509 -108.4045 59.1014 -65.2899 -82.8161 40.2928 10.0269 -43.4024 57.4129 -97.3509 -108.4045 59.1014 -104.9307 -123.3861 17.0035 -69.5904 -100.8079 55.5296 -69.5904 -131.6991 55.5296 -97.3509 -108.4045 59.1014 -114.6115 -108.7583 26.7815 -129.1258 -113.3583 9.5595 -129.1258 -103.8455 9.5595 -83.2633 -91.5844 80.3412 -150.1754 -119.5584 76.0178 -172.5291 -134.7610 70.5162 176.5324 -130.1272 66.8696 124.1674 106.6499 63.6812 97.6757 114.6292 67.8524 90.4883 116.9904 69.1584 81.8324 118.0638 70.7092
0.9616 25.5487 37.1004 -116.3470 -118.3620 73.2364 -114.9746 -108.9844 73.2972 -106.8131 -106.8677 66.5195 -101.1917 -112.5347 59.1969 -67.2849 -85.8532 41.4690 9.5942 -44.2310 60.6144 -101.1917 -112.5347 59.1969 -108.5296 -127.6739 19.5170 -72.9280 -102.7071 60.8395 -72.9280 -131.1604 60.8395 -101.1917 -112.5347 59.1969 -118.0044 -116.1983 31.8972 -130.0562 -120.9303 13.5668 -130.0562 -108.7886 13.5668 -94.4778 -104.5767 79.8941 -151.3007 -122.1199 73.8029 -168.3450 -132.7037 69.2396 -177.4759 -128.6172 66.2635 129.0971 112.7281 63.5189 103.3212 121.4431 68.9271 91.6861 119.4073 71.1447 81.1572 119.6273 72.9856
0.9684 25.0534 37.5052 -122.1050 -123.9960 71.2932 -121.0402 -114.7213 71.5998 -112.0680 -111.9183 65.7028 -105.6066 -116.9734 59.1664 -69.4862 -89.2378 42.7157 9.4041 -45.0165 63.6926 -105.6066 -116.9734 59.1664 -112.5750 -130.8197 21.4238 -74.8835 -102.3778 65.5426 -74.8835 -130.1350 65.5426 -105.6066 -116.9734 59.1664 -120.6925 -118.8553 36.4550 -131.9404 -124.0752 17.9138 -131.9404 -113.8957 17.9138 -106.7966 -118.5749 78.8062 -152.3965 -124.6867 71.0970 -164.7645 -131.0054 67.4052 -171.4815 -127.5642 65.1939 133.9619 118.8143 63.1374 109.5991 128.9567 69.7770 93.4039 122.1041 73.1651 80.8377 121.0275 75.2733
0.9797 24.5176 37.9030 -127.4600 -129.1370 69.1597 -126.6499 -119.9461 69.6752 -117.3476 -116.9107 64.6318 -110.3070 -121.5628 58.8816 -71.8993 -92.7602 43.9233 9.4685 -45.7005 66.6017 -110.3070 -121.5628 58.8816 -116.8313 -133.2903 22.6374 -75.6130 -100.3549 69.6207 -75.6130 -128.4438 69.6207 -110.3070 -121.5628 58.8816 -122.2156 -113.8410 40.6761 -135.5397 -120.9596 22.8049 -135.5397 -116.6261 22.8049 -117.7086 -131.0121 76.9770 -153.2592 -126.9680 68.0262 -162.2185 -129.6667 65.0099 -166.6971 -126.8854 63.4733 138.7261 124.8754 62.5046 116.5320 137.1960 70.3362 96.4294 125.8095 75.1442 81.7243 123.0768 77.5389
0.9932 23.9396 38.2931 -132.1030 -133.5060 66.8454 -131.6179 -124.5046 67.6314 -122.3194 -121.6114 63.4014 -114.8969 -126.0869 58.3721 -74.4986 -96.0807 44.9548 9.8362 -46.1279 69.4344 -114.8969 -126.0869 58.3721 -120.8760 -135.6306 22.9734 -75.8604 -98.0455 73.1339 -75.8604 -125.9466 73.1339 -114.8969 -126.0869 58.3721 -123.6773 -107.9182 45.4133 -139.8567 -117.7568 28.1365 -139.8567 -117.1775 28.1365 -126.0398 -140.6985 74.5439 -153.8936 -128.8517 64.7189 -160.6069 -128.4614 62.1931 -163.4155 -126.3258 61.1745 143.3011 130.8537 61.5908 124.0241 146.0326 70.5110 101.9989 131.8528 76.9289 85.5353 127.6138 79.7179
1.0078 23.3197 38.6755 -136.0230 -137.1390 64.3966 -135.9883 -128.4920 65.5424 -126.8601 -125.9189 62.0707 -119.1650 -130.3217 57.6612 -77.2097 -99.1836 45.8479 10.6075 -46.0696 72.1349 -119.1650 -130.3217 57.6612 -124.2701 -138.2273 22.3958 -76.6499 -97.0449 76.3292 -76.6499 -123.1256 76.3292 -119.1650 -130.3217 57.6612 -126.8169 -110.1768 51.3245 -143.4008 -121.4955 33.0073 -143.4008 -119.0380 33.0073 -131.9932 -147.8397 71.7044 -154.3779 -130.2991 61.2553 -159.4050 -126.9616 59.2233 -161.1548 -125.3826 58.5623 147.6168 136.7259 60.3612 131.8590 155.2176 70.1951 111.1374 141.5430 78.3299 94.2520 137.2082 81.7584
1.0236 22.6586 39.0537 -139.2830 -140.1490 61.8679 -139.8088 -131.9994 63.4113 -130.9930 -129.8691 60.6268 -123.1163 -134.2523 56.7433 -80.0231 -102.2305 46.7355 11.9104 -45.3102 74.5592 -123.1163 -134.2523 56.7433 -126.7862 -141.1165 21.1836 -78.8261 -98.3286 79.4232 -78.8261 -121.0646 79.4232 -123.1163 -134.2523 56.7433 -131.7671 -118.9350 57.9540 -146.4134 -129.9411 37.0351 -146.4134 -123.7666 37.0351 -136.3672 -153.2461 68.5743 -154.8654 -131.4020 57.6244 -158.2332 -125.0081 56.2852 -159.2422 -123.9691 55.8985 151.6143 142.4535 58.7165 139.6704 164.4018 69.2451 123.7271 155.1046 79.1768 110.1509 154.9287 83.5690
1.0396 21.9575 39.4328 -142.0170 -142.6660 59.3257 -142.9812 -134.9624 61.2366 -134.5986 -133.3477 59.1295 -126.7400 -137.8059 55.7923 -82.8423 -105.2343 47.5297 14.0242 -43.5257 76.8310 -126.7400 -137.8059 55.7923 -128.4937 -144.0726 19.6052 -82.6980 -101.9631 82.4825 -82.6980 -120.8069 82.4825 -126.7400 -137.8059 55.7923 -139.0134 -131.5153 64.6571 -149.2930 -139.8399 39.7066 -149.2930 -132.1531 39.7066 -139.8743 -157.6429 65.1727 -155.4977 -132.2951 53.7606 -157.3042 -122.9167 53.2365 -157.8360 -122.3016 53.0324 155.1378 147.8396 56.6074 146.7933 173.0019 67.6173 138.2686 171.2109 79.3426 136.8652 -175.3635 84.7134
1.0521 21.2156 39.8154 -144.4070 -144.8860 56.8388 -145.5561 -137.4212 59.0616 -137.6972 -136.3241 57.6823 -130.1341 -140.9884 54.9877 -85.6079 -108.1084 48.2159 17.2530 -40.4598 79.0600 -130.1341 -140.9884 54.9877 -129.4881 -146.9186 17.8308 -88.8553 -108.3383 85.5848 -88.8553 -123.7653 85.5848 -130.1341 -140.9884 54.9877 -151.8189 -150.4563 71.0817 -151.5139 -150.1947 40.5616 -151.5139 -144.4779 40.5616 -142.9452 -161.4749 61.4786 -156.3619 -133.0536 49.5929 -157.2833 -121.1716 49.6520 -157.6911 -120.6352 49.4937 158.0150 152.6043 54.1856 152.6216 -179.4988 65.5378 152.4338 -172.4921 78.7629 168.8861 -139.7207 84.2789
1.0554 20.4282 40.2024 -146.5880 -146.9540 54.4230 -147.6555 -139.4445 56.9713 -140.3511 -138.8263 56.4720 -133.3666 -143.8860 54.5816 -88.1301 -110.6406 48.8985 21.8614 -35.8870 81.1285 -133.3666 -143.8860 54.5816 -129.7352 -149.6092 15.9404 -112.4168 -132.5704 88.7455 -112.4168 -145.7667 88.7455 -133.3666 -143.8860 54.5816 -176.9395 178.6469 75.6918 -152.5278 -159.5987 39.5419 -152.5278 -160.3142 39.5419 -145.3414 -164.4761 57.7809 -157.2738 -133.3654 45.4150 -158.2611 -119.6894 45.5695 -158.9275 -118.6926 45.3083 160.2353 156.6082 51.6997 157.0877 -173.1301 63.3615 164.2553 -158.0335 77.4508 -170.1114 -114.8294 82.2756
1.0459 19.5879 40.5949 -148.5530 -148.8700 52.0189 -149.5655 -141.3516 55.0357 -142.7802 -141.1050 55.5681 -136.4445 -146.5290 54.5487 -90.4312 -112.6607 49.6333 27.7852 -29.7950 82.8306 -136.4445 -146.5290 54.5487 -129.0815 -152.1329 14.0449 109.1630 87.7502 87.5533 109.1630 75.3968 87.5533 -136.4445 -146.5290 54.5487 148.0693 139.1851 75.6475 -152.2225 -167.0953 37.2098 -152.2225 -177.3053 37.2098 -147.0791 -166.7628 54.3576 -158.1579 -133.1096 41.4607 -158.7755 -117.6880 41.9893 -159.1422 -117.0887 41.8479 161.9370 159.8829 49.2792 160.5250 -167.5408 61.3133 173.1259 -145.8542 75.5240 -159.8821 -100.3159 79.4126
1.0204 18.6889 41.0009 -150.1780 -150.5190 49.5302 -151.4728 -143.4206 53.2317 -145.1621 -143.3560 54.8698 -139.2875 -148.7493 54.6395 -92.8021 -114.2999 50.4678 35.0366 -21.9950 84.0994 -139.2875 -148.7493 54.6395 -127.3661 -154.3820 12.2352 98.4058 75.0021 83.9385 98.4058 62.4351 83.9385 -139.2875 -148.7493 54.6395 123.5246 111.9742 71.2214 -151.2018 -172.6605 34.1708 -151.2018 168.4512 34.1708 -148.6364 -168.9756 51.0163 -159.2365 -132.3911 37.4169 -157.6137 -118.2096 39.1224 -154.5256 -123.8406 40.5490 163.2433 162.4517 47.0070 163.2625 -162.3466 59.5629 178.0471 -138.0411 72.6863 -163.1196 -103.5212 75.7642
0.9754 17.7651 41.4280 -151.5040 -151.9970 47.0151 -153.1153 -145.2959 51.4533 -147.3673 -145.3214 54.2548 -142.0427 -150.6085 54.8178 -95.6097 -115.8082 51.5095 45.5097 -10.5180 85.1431 -142.0427 -150.6085 54.8178 -124.5322 -156.1248 10.5313 93.5433 67.3700 80.0480 93.5433 54.2003 80.0480 -142.0427 -150.6085 54.8178 111.1610 98.9756 65.3838 -150.3490 -176.8408 30.5572 -150.3490 160.4356 30.5572 -150.4997 -171.7056 47.4439 -160.7604 -131.4262 32.8844 -156.0099 -126.6578 36.0762 -149.6021 -142.0373 40.9826 164.1964 164.4322 44.9892 165.6155 -156.8667 58.3342 176.6981 -140.0759 67.8552 178.5329 -135.5867 68.6066
0.9169 16.8729 41.8761 -153.1660 -153.8500 44.6814 -154.0531 -146.2804 49.5708 -148.7852 -146.2362 53.6462 -144.7777 -152.1566 55.2852 -98.9237 -117.0914 52.8691 65.8250 10.8841 85.9550 -144.7777 -152.1566 55.2852 -120.5769 -156.9434 8.8818 89.3483 59.5840 75.9997 89.3483 46.1055 75.9997 -144.7777 -152.1566 55.2852 105.1386 94.0819 59.6492 -150.0655 179.5462 26.2766 -150.0655 159.4102 26.2766 -152.3196 -174.9171 44.2744 -162.3254 -130.5316 28.5701 -158.5429 -143.4182 32.1654 -154.1076 -162.9263 39.2929 164.7725 165.7348 43.2373 167.7105 -150.9209 57.6684 171.8924 -150.8770 61.3081 168.0930 -170.8771 55.5681
0.8618 16.1071 42.3269 -155.5910 -155.8940 42.5060 -154.2272 -146.1105 47.4411 -149.0224 -145.8531 52.8610 -147.2081 -153.3450 55.9253 -102.4501 -118.2918 54.4087 96.6829 42.4816 85.8380 -147.2081 -153.3450 55.9253 -115.4266 -156.2494 7.2697 85.2173 50.7581 72.2619 85.2173 37.8541 72.2619 -147.2081 -153.3450 55.9253 102.3853 93.6719 54.3061 -150.1807 175.8267 21.4113 -150.1807 162.0499 21.4113 -153.7329 -178.7505 42.3372 -163.5799 -129.8085 25.2432 -163.5601 -158.5612 28.3839 -162.0509 -171.7185 33.2700 164.9236 165.7969 41.8958 169.1998 -145.7366 57.5776 168.7986 -162.5367 55.8191 167.8267 169.7902 46.1548
0.8037 15.4951 42.7595 -157.6300 -157.3240 40.1858 -154.2890 -145.5637 45.2064 -148.9153 -145.1239 51.7884 -148.9585 -154.1240 56.1123 -105.9052 -119.9538 55.6590 120.1192 66.3254 84.4156 -148.9585 -154.1240 56.1123 -109.0861 -153.4896 5.7553 80.7006 40.0493 69.6924 80.7006 28.9427 69.6924 -148.9585 -154.1240 56.1123 101.4814 96.0919 49.2153 -150.5755 171.5718 16.0953 -150.5755 162.8299 16.0953 -155.0339 176.0298 42.0465 -164.7556 -129.1179 23.0248 -167.5195 -166.2134 25.5656 -166.8724 -176.3378 29.3088 164.5252 164.1000 41.0711 169.4700 -142.6683 58.0868 168.8463 -170.3644 53.9683 169.8718 162.6279 44.0022
0.7267 14.9785 43.1628 -158.0640 -158.3260 38.1526 -154.4760 -145.4129 43.3856 -149.3627 -144.9037 50.5144 -150.2365 -154.7135 55.3773 -109.0048 -122.1025 55.9483 131.6748 78.3101 82.0390 -150.2365 -154.7135 55.3773 -101.9792 -148.6276 4.0714 74.3869 26.2082 68.8222 74.3869 17.6964 68.8222 -150.2365 -154.7135 55.3773 101.5863 100.6120 44.3021 -151.3736 166.6514 10.4349 -151.3736 158.5729 10.4349 -156.8668 169.4531 42.8671 -166.2649 -128.3710 21.4632 -171.1392 -166.9281 22.3148 -170.8127 171.1393 30.2826 163.4524 160.9618 40.7603 168.2693 -141.7296 59.1430 171.4202 -174.4159 55.6100 173.2291 160.6025 46.1791
0.6359 14.5578 43.5076 -156.8820 -159.4550 37.5499 -154.5472 -145.8806 42.7548 -150.3982 -145.2978 49.5119 -151.2777 -155.1624 54.0226 -111.5509 -124.2559 55.4010 137.2858 84.3076 79.2762 -151.2777 -155.1624 54.0226 -95.1167 -142.3301 1.7308 64.3321 8.3410 68.8109 64.3321 1.3162 68.8109 -151.2777 -155.1624 54.0226 102.1253 106.6452 39.6726 -152.4988 161.3112 4.4299 -152.4988 150.6853 4.4299 -159.1371 163.1487 43.7907 -167.8900 -127.8485 20.2570 -174.7418 -165.2610 18.8221 -176.0574 155.3701 32.5564 161.9431 157.4498 40.9390 166.0218 -142.3221 60.4906 175.1520 -175.6959 58.8064 176.9647 161.7390 50.1987
0.5512 14.2941 43.7731 -155.2150 -160.3090 39.0311 -154.4039 -146.8225 43.6681 -151.5217 -146.2830 49.3090 -152.0513 -155.5666 52.8756 -113.3837 -126.2058 54.8154 141.4883 88.4627 76.9297 -152.0513 -155.5666 52.8756 -89.5111 -135.2551 -1.2709 51.1514 -11.8944 67.6009 51.1514 -20.6772 67.6009 -152.0513 -155.5666 52.8756 103.0779 113.8228 35.6500 -153.5645 156.0600 -2.0684 -153.5645 143.1420 -2.0684 -160.9225 159.0713 44.5447 -169.1806 -127.3801 19.6605 -175.5902 -164.8218 18.7458 -177.9973 149.1519 34.4391 160.6145 154.4200 41.2832 163.6336 -143.8034 61.6395 178.1557 -175.8882 61.5448 179.6966 163.7741 53.7694
0.4748 14.1610 43.9737 -153.9360 -160.5400 41.7444 -154.3856 -148.1803 45.5797 -152.5175 -147.8713 49.8926 -152.4702 -156.1126 52.3770 -114.4597 -127.9772 54.6983 145.5303 91.8878 75.3967 -152.4702 -156.1126 52.3770 -85.5037 -127.6307 -4.2362 39.7551 -29.2778 63.8005 39.7551 -43.5204 63.8005 -152.4702 -156.1126 52.3770 105.0971 122.0149 32.4283 -153.8451 151.2799 -9.2443 -153.8451 138.0543 -9.2443 -161.8614 156.8766 45.6673 -169.9222 -127.0099 20.0187 -175.6457 -164.0982 19.7393 -178.4530 146.9773 36.2659 159.9329 152.0622 41.3664 161.9382 -145.2449 62.2917 179.3090 -176.0751 63.0723 -179.2843 164.8641 55.7760
0.4039 14.1156 44.1442 -153.6260 -160.9400 44.0874 -154.8185 -149.8490 47.2876 -153.3487 -149.6847 50.5977 -152.6825 -156.9233 52.2946 -114.9685 -129.6306 54.9402 148.6300 94.0834 74.3483 -152.6825 -156.9233 52.2946 -82.6689 -119.7945 -6.4341 33.5319 -40.6713 58.0084 33.5319 -61.5974 58.0084 -152.6825 -156.9233 52.2946 108.7516 130.8219 29.6963 -152.3290 146.8462 -17.0047 -152.3290 134.2580 -17.0047 -162.2045 155.6071 47.2480 -170.2093 -126.8632 21.1405 -176.3668 -161.9480 19.9614 -178.9204 147.0864 37.2206 159.7101 150.2877 41.1822 160.8914 -146.3500 62.5308 178.8106 -176.7185 63.6115 -179.8080 165.3286 56.7149
0.3329 14.1477 44.3040 -154.2120 -162.0470 45.1201 -155.8740 -151.6716 48.0944 -154.2971 -151.4781 50.9580 -153.0250 -158.1220 52.2652 -115.4318 -131.4401 55.3316 150.5659 95.1571 73.3869 -153.0250 -158.1220 52.2652 -80.4736 -112.0264 -7.5957 31.3335 -47.4479 51.3301 31.3335 -71.8279 51.3301 -153.0250 -158.1220 52.2652 113.8023 139.3826 26.8675 -148.2515 142.1073 -24.7325 -148.2515 130.2956 -24.7325 -162.2737 154.6530 48.8523 -170.1426 -127.1268 22.4790 -177.0110 -158.7333 19.7906 -178.7178 149.1090 37.6447 159.4855 149.0550 41.0881 159.9063 -147.6627 62.6055 177.6424 -177.7847 63.8957 179.0140 165.7425 57.5311
0.2613 14.2490 44.4573 -155.2180 -163.5080 45.1550 -157.3467 -153.5128 48.1590 -155.5648 -153.3354 50.9223 -153.7673 -159.7545 52.0754 -116.2401 -133.5536 55.6687 151.9116 95.8621 72.3311 -153.7673 -159.7545 52.0754 -78.6353 -104.3327 -7.5914 31.3030 -51.4036 44.1861 31.3030 -73.5392 44.1861 -153.7673 -159.7545 52.0754 119.3380 146.7562 23.5800 -141.4655 136.2994 -31.4998 -141.4655 126.2337 -31.4998 -162.3656 153.7166 49.9899 -169.8614 -127.8990 23.5126 -176.7239 -155.2120 19.8877 -177.2862 152.1123 38.1392 159.1535 148.4285 41.0082 158.8763 -149.3554 62.3739 176.2331 -179.2028 64.0288 177.6045 166.0534 58.2860
0.1925 14.4045 44.6066 -156.2190 -164.7510 44.9282 -158.8741 -155.3217 47.9394 -157.0478 -155.3355 50.6115 -154.8224 -161.5762 51.6396 -117.4428 -135.8977 55.8118 153.1076 96.7399 71.1918 -154.8224 -161.5762 51.6396 -76.9531 -97.0727 -6.2393 32.7696 -53.0035 36.9561 32.7696 -69.1931 36.9561 -154.8224 -161.5762 51.6396 124.5521 152.4626 19.8116 -132.2547 128.9699 -36.5218 -132.2547 122.0039 -36.5218 -162.7144 152.6922 50.4009 -169.5471 -129.1860 23.9734 -175.2974 -152.1960 20.5713 -174.7772 155.0095 39.0327 158.8475 148.3891 40.6062 158.0390 -151.1825 61.5534 174.4658 179.0340 63.6463 175.8499 166.0416 58.5360
0.1275 14.6011 44.7545 -157.1680 -165.7050 44.8133 -160.3100 -157.0718 47.6928 -158.5125 -157.3314 50.1318 -155.8753 -163.2548 50.9738 -118.9175 -138.3808 55.7459 154.3703 98.0390 70.0700 -155.8753 -163.2548 50.9738 -75.1146 -90.8982 -3.5464 35.7589 -52.3354 30.2133 35.7589 -62.9249 30.2133 -155.8753 -163.2548 50.9738 129.2181 156.6411 15.6578 -121.1802 120.2173 -39.4103 -121.1802 116.7159 -39.4103 -163.3753 151.6276 50.0232 -169.3000 -130.9488 23.8078 -172.8647 -150.2110 21.8519 -171.6074 156.8603 40.4565 158.5750 148.7709 39.9035 157.3957 -153.0565 60.2404 172.4601 177.1373 62.7990 173.7786 166.0750 58.4121
0.0658 14.8283 44.9007 -158.2780 -166.6430 44.7591 -161.6000 -158.6081 47.3911 -159.8270 -159.1526 49.5429 -156.9562 -164.9184 50.2232 -120.5402 -140.9604 55.5613 155.8904 99.8500 69.0941 -156.9562 -164.9184 50.2232 -72.8713 -86.1275 0.0728 40.0910 -50.0464 24.2816 40.0910 -57.4320 24.2816 -156.9562 -164.9184 50.2232 133.5192 159.6812 11.1915 -109.1443 110.7626 -40.1025 -109.1443 110.1678 -40.1025 -164.2243 150.6625 48.9304 -169.1051 -133.1244 23.1047 -169.7166 -149.1240 23.5254 -168.0274 157.8388 42.2276 158.2859 149.3889 39.1492 156.8246 -155.0264 58.7393 170.5756 175.4209 61.9036 171.7377 166.3582 58.2901
0.0055 15.0698 45.0446 -159.5730 -167.6990 44.5279 -162.8116 -159.9669 46.9250 -161.0441 -160.8235 48.8742 -158.1292 -166.6725 49.4822 -122.1043 -143.4554 55.2695 157.6762 102.1193 68.3119 -158.1292 -166.6725 49.4822 -70.1684 -82.7255 4.1684 45.2577 -46.9139 19.1866 45.2577 -53.0239 19.1866 -158.1292 -166.6725 49.4822 137.6686 161.8404 6.4596 -97.3443 101.7106 -38.7703 -97.3443 103.7621 -38.7703 -165.1784 149.8727 47.2644 -168.9798 -135.6398 21.9978 -166.3042 -148.6207 25.3385 -164.2994 158.7944 43.9504 157.9977 150.1866 38.4304 156.3464 -156.9853 57.1860 168.9176 173.9504 61.0625 169.8573 166.9081 58.2466
-0.0570 15.3050 45.1851 -160.9280 -168.8390 43.9422 -164.1735 -161.3949 46.2365 -162.2902 -162.4589 48.1110 -159.2018 -168.3274 48.6990 -123.5534 -145.8088 54.8498 159.6329 104.7720 67.6936 -159.2018 -168.3274 48.6990 -67.0587 -80.4426 8.5312 50.7663 -43.3836 14.7520 50.7663 -49.1588 14.7520 -159.2018 -168.3274 48.6990 141.7382 163.2473 1.5170 -86.8336 93.9668 -35.8681 -86.8336 99.2333 -35.8681 -166.1992 149.3150 45.2536 -168.9877 -138.3519 20.6822 -163.1219 -148.9551 27.1986 -160.9683 159.9061 45.3855 157.7647 151.1493 37.7062 156.0382 -158.7619 55.5946 167.5605 172.7771 60.2313 168.2598 167.6006 58.1604
-0.1251 15.5205 45.3188 -162.3050 -170.0560 43.0521 -165.5881 -162.7984 45.3310 -163.5637 -164.0478 47.2378 -160.2970 -169.9997 47.8646 -125.1096 -148.2158 54.3822 161.6482 107.6959 67.1826 -160.2970 -169.9997 47.8646 -63.5979 -78.9558 13.0284 56.2670 -39.7174 10.7856 56.2670 -45.7381 10.7856 -160.2970 -169.9997 47.8646 145.7673 164.0330 -3.4675 -78.0189 87.8674 -32.0663 -78.0189 96.9739 -32.0663 -167.2135 149.0478 43.1477 -169.1657 -140.9713 19.3313 -160.3117 -150.3921 29.2418 -158.3050 160.8026 46.6786 157.6293 152.2285 36.9314 155.9322 -160.2502 53.9747 166.5598 171.9297 59.3928 167.0212 168.4563 58.0060
-0.2007 15.7133 45.4445 -163.6680 -171.2780 42.0157 -167.1129 -164.2019 44.3502 -164.8761 -165.6085 46.3514 -161.3049 -171.6344 47.0402 -126.7168 -150.6001 53.8990 163.7492 110.8595 66.7306 -161.3049 -171.6344 47.0402 -59.8185 -78.0307 17.5175 61.5575 -36.0764 7.2429 61.5575 -43.2518 7.2429 -161.3049 -171.6344 47.0402 149.7316 164.3734 -8.3405 -70.7466 83.1833 -27.9408 -70.7466 95.9197 -27.9408 -168.2009 148.9909 41.1542 -169.5691 -143.0681 17.9932 -159.2143 -153.2213 30.2635 -157.9805 159.8432 46.9850 157.5862 153.3579 36.0301 155.9903 -161.4436 52.2844 165.9267 171.4008 58.5805 166.1546 169.5970 57.8635
-0.2846 15.8885 45.5641 -165.0070 -172.4200 40.9570 -168.7313 -165.7236 43.4025 -166.2351 -167.2088 45.5598 -162.2412 -173.1110 46.3366 -128.1915 -152.6701 53.3721 165.9889 114.2262 66.1850 -162.2412 -173.1110 46.3366 -55.6952 -77.4378 21.8858 66.4900 -32.5742 4.1473 66.4900 -42.2503 4.1473 -162.2412 -173.1110 46.3366 153.5974 164.4471 -12.9206 -64.6332 79.5452 -23.8722 -64.6332 94.7385 -23.8722 -169.2214 149.0195 39.4379 -170.2989 -144.2072 16.6549 -161.7576 -157.1536 28.0787 -161.8611 156.5629 44.3393 157.6079 154.5052 34.9307 156.1581 -162.3808 50.4585 165.6248 171.1636 57.8413 165.6432 171.0057 57.7790
-0.3766 16.0492 45.6816 -166.2770 -173.4250 39.9303 -170.2607 -167.2264 42.4501 -167.5788 -168.7790 44.7426 -163.2239 -174.4536 45.6070 -129.7730 -154.5828 52.7308 168.3554 117.7211 65.4286 -163.2239 -174.4536 45.6070 -51.1798 -76.8452 25.8927 70.9243 -29.4661 1.5535 70.9243 -42.8654 1.5535 -163.2239 -174.4536 45.6070 157.2782 164.4254 -17.0552 -59.3527 76.6301 -20.0782 -59.3527 92.8343 -20.0782 -170.3794 149.0776 38.1276 -171.4470 -144.2462 15.3808 -166.9923 -159.4959 22.5390 -167.8544 154.2082 38.6618 157.6683 155.6535 33.6020 156.3872 -163.1177 48.4598 165.5700 171.1571 57.1944 165.4328 172.4647 57.7071
-0.4737 16.1947 45.8009 -167.4450 -174.3050 38.9524 -171.3772 -168.3233 41.4267 -168.7576 -170.1366 43.7605 -164.4745 -175.9364 44.7013 -131.7451 -156.6836 51.9418 170.8124 121.3555 64.4246 -164.4745 -175.9364 44.7013 -46.4112 -75.9704 29.1570 74.7046 -27.0987 -0.4436 74.7046 -44.8354 -0.4436 -164.4745 -175.9364 44.7013 160.5186 164.5083 -20.6478 -54.8450 74.1749 -16.7341 -54.8450 90.3963 -16.7341 -171.7217 149.1626 37.1865 -172.9927 -143.4168 14.2108 -172.1291 -158.3096 16.4917 -172.7975 154.1081 33.0941 157.7502 156.7807 32.0837 156.6431 -163.6916 46.3286 165.6494 171.2645 56.5840 165.4109 173.8068 57.5737
-0.5706 16.3222 45.9237 -168.5210 -175.0680 38.0196 -172.2126 -169.0195 40.3700 -169.6719 -171.2064 42.6399 -165.5878 -177.4183 43.6069 -133.9260 -158.9922 50.9635 173.4494 125.3284 63.1858 -165.5878 -177.4183 43.6069 -41.9087 -74.8134 31.4876 77.6261 -25.5719 -1.8390 77.6261 -47.9917 -1.8390 -165.5878 -177.4183 43.6069 162.7079 165.0534 -23.6619 -51.4423 71.8508 -14.1123 -51.4423 88.1964 -14.1123 -173.2228 149.2961 36.4191 -174.8251 -142.1094 13.0858 -175.7376 -154.5255 12.5783 -175.5385 155.7502 30.0014 157.8462 157.8331 30.4858 156.8992 -164.1390 44.1867 165.7684 171.3929 55.9781 165.4669 174.9782 57.3645
-0.6624 16.4320 46.0446 -169.5670 -175.7130 37.1381 -172.7929 -169.4007 39.3313 -170.3033 -172.0770 41.4920 -166.5269 -178.9484 42.4622 -136.0872 -161.6273 49.8597 176.3744 129.8303 61.6739 -166.5269 -178.9484 42.4622 -38.3898 -73.4955 32.9546 79.4771 -24.7815 -2.8722 79.4771 -52.5113 -2.8722 -166.5269 -178.9484 42.4622 163.2097 166.4162 -25.9931 -49.5136 69.3997 -12.5007 -49.5136 86.8093 -12.5007 -174.7708 149.6119 35.6382 -176.7848 -140.6473 11.9614 -177.7046 -149.9465 11.1866 -176.2162 158.8683 29.1696 157.9748 158.7350 29.0282 157.1540 -164.5172 42.2654 165.8475 171.4761 55.3799 165.5042 175.9958 57.1177
-0.7489 16.5254 46.1551 -170.6180 -176.2470 36.3051 -173.2150 -169.6611 38.3373 -170.7571 -172.9262 40.3837 -167.3631 179.4251 41.3486 -138.0633 -164.8919 48.6639 179.6383 134.9614 59.6852 -167.3631 179.4251 41.3486 -36.3838 -72.0445 33.6864 80.2125 -24.6577 -3.9548 80.2125 -58.4567 -3.9548 -167.3631 179.4251 41.3486 161.7454 168.8343 -27.5682 -49.0504 66.6181 -11.9732 -49.0504 85.9555 -11.9732 -176.2066 150.3294 34.7689 -178.6971 -139.2640 10.8962 -178.2868 -145.5219 11.5478 -175.3403 162.9011 29.6723 158.1619 159.4462 27.9091 157.4265 -164.8664 40.7652 165.8634 171.4448 54.7700 165.4852 176.8736 56.8478
-0.8335 16.6025 46.2485 -171.6540 -176.7210 35.5478 -173.6595 -170.0985 37.4279 -171.1764 -173.9091 39.3566 -168.0627 177.8589 40.2994 -139.8208 -169.0428 47.3629 -176.8265 140.7208 56.9855 -168.0627 177.8589 40.2994 -35.9865 -70.3600 33.7276 80.0170 -25.2677 -5.4348 80.0170 -65.3680 -5.4348 -168.0627 177.8589 40.2994 158.5409 172.3550 -28.3720 -49.6809 63.3914 -12.4558 -49.6809 84.5878 -12.4558 -177.3900 151.6603 33.8149 179.5803 -138.0995 9.9960 -178.2162 -142.3217 12.4788 -174.1055 166.4695 30.4447 158.4171 159.9663 27.2270 157.7304 -165.1998 39.7799 165.8519 171.3071 54.1920 165.4465 177.4308 56.5293
-0.9202 16.6615 46.3225 -172.5860 -177.1360 34.9324 -174.3076 -170.9417 36.6442 -171.6521 -175.0532 38.3874 -168.4305 176.6993 39.2609 -141.5389 -174.0431 45.9061 -173.2658 146.8507 53.6045 -168.4305 176.6993 39.2609 -36.9965 -68.4057 33.0902 79.1242 -26.6816 -7.3244 79.1242 -72.1115 -7.3244 -168.4305 176.6993 39.2609 154.0203 176.9321 -28.3039 -50.9748 59.6743 -13.9822 -50.9748 81.9969 -13.9822 -178.2585 153.6892 32.8216 178.1391 -137.2619 9.3659 -178.2940 -140.8260 13.1393 -173.6101 168.3501 30.9470 158.7377 160.3007 26.9431 158.0693 -165.5121 39.2696 165.8614 171.1404 53.7168 165.4396 177.5633 56.1665
-1.0115 16.7018 46.3792 -173.3530 -177.4450 34.5228 -175.1684 -172.1762 36.0138 -172.2260 -176.2965 37.4632 -168.5038 176.0789 38.2143 -143.1511 -179.2036 44.2700 -170.1300 152.7622 49.8046 -168.5038 176.0789 38.2143 -39.3393 -66.6273 31.7024 77.1876 -28.7625 -8.7367 77.1876 -76.4635 -8.7367 -168.5038 176.0789 38.2143 148.4941 -177.7209 -27.1946 -52.4946 55.4933 -15.9936 -52.4946 79.1984 -15.9936 -178.8058 156.3602 31.8693 177.0390 -136.8249 9.0985 -178.5805 -140.4381 13.6167 -173.7352 168.8310 31.3932 159.1137 160.4398 26.9390 158.4383 -165.7680 39.1304 165.9265 171.0295 53.3655 165.5018 177.3932 55.7934
-1.1085 16.7211 46.4272 -173.9750 -177.6340 34.2514 -176.0947 -173.5545 35.4793 -172.8557 -177.4559 36.5779 -168.5013 175.9426 37.1815 -144.5358 176.1616 42.5222 -167.6974 157.8742 45.8774 -168.5013 175.9426 37.1815 -43.0004 -66.3076 29.3539 73.7287 -31.0147 -7.9522 73.7287 -76.9836 -7.9522 -168.5013 175.9426 37.1815 142.3440 -172.1784 -25.1383 -54.1457 51.0218 -17.7023 -54.1457 77.8530 -17.7023 -179.0486 159.4762 31.0117 176.3236 -136.7954 9.1996 -178.5421 -140.3131 14.4274 -173.6155 168.9758 32.2175 159.5376 160.3802 27.0013 158.8418 -165.8717 39.1808 166.1173 171.0453 53.0898 165.7065 177.1048 55.4027
-1.2122 16.7182 46.4772 -174.5310 -177.7600 33.9123 -176.9525 -174.7588 34.8822 -173.4669 -178.3184 35.6542 -168.5785 176.1412 36.1152 -146.0536 172.1943 40.7035 -165.7006 162.0877 42.1213 -168.5785 176.1412 36.1152 -47.4211 -67.6872 26.2179 69.4817 -33.1947 -5.0660 69.4817 -75.2978 -5.0660 -168.5785 176.1412 36.1152 136.2562 -166.8976 -22.5727 -56.0185 46.5297 -19.3777 -56.0185 76.9991 -19.3777 -179.0148 162.7660 30.2350 175.9997 -137.0745 9.5517 -178.3908 -140.3976 15.2607 -173.4712 168.6858 33.1498 160.0082 160.1321 26.9213 159.2930 -165.7107 39.2445 166.5196 171.2517 52.8418 166.1438 176.7940 54.9568
-1.3240 16.6935 46.5365 -175.0900 -177.8780 33.2667 -177.6834 -175.6126 34.1135 -174.0814 -178.8440 34.7557 -168.9366 176.4219 35.1607 -147.9800 168.9083 38.9210 -163.9043 165.5940 38.6394 -168.9366 176.4219 35.1607 -51.6890 -69.0152 23.1232 65.5857 -35.3834 -2.4249 65.5857 -73.9622 -2.4249 -168.9366 176.4219 35.1607 130.9920 -162.5679 -20.0830 -58.1670 42.7121 -21.7646 -58.1670 74.3342 -21.7646 -178.7474 165.9349 29.4642 176.0362 -137.5316 9.9517 -178.3907 -140.6390 15.6917 -173.5894 167.8200 33.8136 160.5308 159.7042 26.5761 159.8064 -165.2264 39.2132 167.1834 171.6787 52.5919 166.8592 176.6108 54.4713
-1.4439 16.6488 46.6066 -175.6990 -178.0270 32.2350 -178.3503 -176.2051 33.1756 -174.7401 -179.1399 33.9867 -169.5693 176.6982 34.4759 -150.1564 166.5802 37.3029 -162.4609 168.4524 35.5168 -169.5693 176.6982 34.4759 -55.3055 -69.1574 20.9170 62.3814 -37.2908 -1.4190 62.3814 -73.8008 -1.4190 -169.5693 176.6982 34.4759 126.8750 -159.6700 -17.9428 -60.3982 40.1302 -24.6911 -60.3982 69.7341 -24.6911 -178.2974 168.7903 28.5968 176.3757 -138.0811 10.2070 -178.4158 -140.7054 15.6665 -173.6765 167.3414 33.9287 161.1075 159.0846 25.9772 160.3794 -164.4578 39.0882 168.0874 172.3212 52.3629 167.8211 176.6846 54.0204
-1.5708 16.5865 46.6854 -176.3710 -178.2560 30.9309 -179.0169 -176.6977 32.1354 -175.4379 -179.2993 33.3514 -170.3417 177.0306 34.0354 -152.2529 165.2894 35.9049 -161.5812 170.8172 32.8284 -170.3417 177.0306 34.0354 -58.4218 -68.9425 19.6210 59.5342 -38.5385 -1.1207 59.5342 -74.2201 -1.1207 -170.3417 177.0306 34.0354 123.7177 -158.3434 -16.1363 -62.7703 39.0190 -27.2301 -62.7703 64.5398 -27.2301 -177.7010 171.2979 27.5416 176.9731 -138.7298 10.2120 -178.0844 -140.5627 15.4883 -173.3083 167.4131 33.7650 161.7383 158.2815 25.2343 161.0025 -163.5009 38.9432 169.1654 173.1310 52.1819 168.9568 176.9733 53.6351
-1.7060 16.5074 46.7705 -177.0430 -178.6030 29.5371 -179.5580 -177.0156 31.0100 -176.1220 -179.2823 32.6474 -171.2914 177.3723 33.5272 -154.3056 164.6463 34.5749 -161.2044 172.8992 30.5269 -171.2914 177.3723 33.5272 -61.3439 -68.9133 18.8950 56.7912 -39.1953 -0.8721 56.7912 -74.4614 -0.8721 -171.2914 177.3723 33.5272 121.1988 -157.8870 -14.4589 -65.1367 38.7837 -29.5252 -65.1367 60.7174 -29.5252 -176.9701 173.5178 26.2493 177.8087 -139.5256 9.9459 -177.6182 -141.0374 14.9783 -173.0687 166.5914 33.3694 162.4257 157.3348 24.5022 161.6711 -162.4617 38.8828 170.3215 173.9962 52.0144 170.1669 177.2544 53.2412
-1.8542 16.4116 46.8603 -177.5250 -178.9820 28.1293 -179.8647 -177.0295 29.8259 -176.8549 -179.0931 31.8242 -172.6210 177.5523 32.8716 -156.3962 164.3336 33.2625 -161.2299 174.7842 28.4303 -172.6210 177.5523 32.8716 -64.1760 -68.8461 18.5030 53.9202 -39.5707 -0.7352 53.9202 -74.1701 -0.7352 -172.6210 177.5523 32.8716 119.1814 -157.7289 -12.8778 -67.2735 38.8839 -31.9041 -67.2735 58.9395 -31.9041 -176.1523 175.4806 24.6862 178.8047 -140.4166 9.3672 -178.3910 -142.8833 12.6658 -174.6497 164.1522 31.2344 163.1695 156.3071 23.9158 162.3764 -161.4654 38.9789 171.4397 174.8156 51.8461 171.3339 177.3242 52.7874
-2.0183 16.3099 46.9502 -177.5950 -179.2010 26.6734 179.8693 -176.8193 28.5988 -177.7947 -178.8445 30.9350 -174.2126 177.5774 32.1487 -158.5162 164.3074 31.9878 -161.5487 176.3958 26.4581 -174.2126 177.5774 32.1487 -66.9482 -68.8078 18.2979 50.9760 -39.7670 -0.6108 50.9760 -73.4871 -0.6108 -174.2126 177.5774 32.1487 117.6410 -157.5191 -11.5235 -68.9050 38.9155 -34.1729 -68.9050 58.3748 -34.1729 -175.3742 177.1046 22.8771 179.7980 -141.3051 8.4378 179.6213 -145.6140 8.2984 -177.8951 159.8442 27.3322 163.9413 155.3132 23.5356 163.0885 -160.6500 39.2077 172.4101 175.5262 51.7034 172.3453 177.2043 52.3315
-2.1935 16.2206 47.0330 -177.2860 -179.1720 25.1191 179.4040 -176.5913 27.3292 -178.9883 -178.6567 30.0295 -175.7807 177.5914 31.4293 -160.5825 164.5363 30.7638 -162.0345 177.7517 24.6039 -175.7807 177.5914 31.4293 -69.7602 -69.0142 18.0620 48.0773 -39.8827 -0.2713 48.0773 -72.5454 -0.2713 -175.7807 177.5914 31.4293 116.4201 -157.1164 -10.5067 -69.9625 38.6379 -35.8029 -69.9625 57.5801 -35.8029 -174.7096 178.2644 20.9749 -179.2868 -142.2566 7.2769 178.5441 -150.7089 4.6425 178.9791 153.2027 24.0931 164.7082 154.4875 23.3428 163.7879 -160.0766 39.4859 173.2103 176.1200 51.6100 173.1786 176.9893 51.9348
-2.3678 16.1552 47.1100 -177.0660 -179.0550 23.4481 178.8227 -176.3642 25.9634 179.8314 -178.4266 29.0305 -177.1793 177.7479 30.6104 -162.4156 164.8164 29.5164 -162.6689 178.9816 22.8196 -177.1793 177.7479 30.6104 -72.6298 -69.4700 17.6561 45.2995 -40.0386 0.3196 45.2995 -71.5449 0.3196 -177.1793 177.7479 30.6104 115.2315 -156.1150 -9.6559 -70.3469 37.5468 -36.9082 -70.3469 56.2575 -36.9082 -174.1381 178.8846 19.0858 -178.4082 -143.4404 6.0086 179.2591 -156.8895 3.4823 177.9180 148.8561 22.1876 165.4734 153.8757 23.1905 164.5007 -159.6591 39.6783 173.9384 176.6376 51.5041 173.9321 176.8205 51.5723
-2.5300 16.1146 47.1897 -177.4730 -179.0220 21.6738 178.3005 -176.0358 24.4104 179.0099 -177.9598 27.7587 -178.2931 178.1823 29.4590 -163.9790 165.0581 28.1035 -163.4142 -179.8973 21.1836 -178.2931 178.1823 29.4590 -75.4785 -70.0546 17.0905 42.6262 -40.2758 1.0764 42.6262 -70.8214 1.0764 -178.2931 178.1823 29.4590 113.7793 -154.5284 -8.7659 -70.3476 35.6398 -37.4378 -70.3476 53.0423 -37.4378 -173.6244 178.9459 17.2322 -177.5400 -144.8777 4.6540 -179.6005 -161.8471 2.9198 177.9986 146.6272 20.5862 166.2532 153.4325 22.8594 165.2582 -159.2637 39.6231 174.7154 177.1485 51.2892 174.7242 176.8678 51.1846
-2.6767 16.0978 47.2761 -178.4780 -179.0000 19.8925 177.8585 -175.5692 22.7045 178.5592 -177.2443 26.1719 -179.1048 178.9060 27.9042 -165.2808 165.3359 26.4856 -164.1855 -178.9339 19.7622 -179.1048 178.9060 27.9042 -78.2594 -70.7602 16.4382 40.0222 -40.5322 1.9871 40.0222 -70.6398 1.9871 -179.1048 178.9060 27.9042 111.9292 -152.5440 -7.6540 -70.3479 33.1797 -37.5259 -70.3479 48.0391 -37.5259 -173.1700 178.5438 15.5393 -176.7400 -146.3548 3.3058 -178.3941 -165.3559 2.5093 178.6223 145.4779 19.2928 167.0217 153.1458 22.2116 166.0414 -158.8479 39.1994 175.5581 177.6466 50.8850 175.5691 177.2280 50.7297
-2.8138 16.1009 47.3656 -179.5430 -178.8350 18.2697 177.4055 -175.0516 21.0210 178.1693 -176.4603 24.4231 -179.7762 179.7823 26.0991 -166.3828 165.8124 24.7599 -164.8659 -178.1591 18.5369 -179.7762 179.7823 26.0991 -81.0263 -71.6703 15.6574 37.4778 -40.8041 3.1337 37.4778 -70.8439 3.1337 -179.7762 179.7823 26.0991 109.7581 -150.1958 -6.2158 -70.4140 30.2463 -37.7820 -70.4140 43.3113 -37.7820 -172.7667 177.8756 14.2450 -176.0471 -147.6476 2.1988 -177.2325 -167.6057 2.3623 179.5172 145.0831 18.4738 167.7224 153.0625 21.2780 166.7916 -158.4825 38.4009 176.3592 178.0236 50.2435 176.3609 177.9391 50.2123
-2.9479 16.1202 47.4546 179.7910 -178.5390 16.9009 176.8715 -174.5493 19.4747 177.6067 -175.6615 22.6230 179.5947 -179.1996 24.1451 -167.2550 166.4290 22.9812 -165.4750 -177.5182 17.4290 179.5947 -179.1996 24.1451 -83.7998 -72.8711 14.6353 35.0432 -41.1422 4.6245 35.0432 -71.1197 4.6245 179.5947 -179.1996 24.1451 107.4816 -147.4416 -4.4829 -70.2718 26.7303 -38.7180 -70.2718 39.7228 -38.7180 -172.3950 177.1891 13.4560 -175.4569 -148.6531 1.4932 -176.2742 -168.8407 2.3599 -179.6508 144.9025 18.0887 168.3028 153.2136 20.1719 167.4431 -158.2729 37.2997 177.0557 178.2730 49.5152 177.0480 178.7995 49.7089
-3.0815 16.1519 47.5408 179.6070 -178.1830 15.7754 176.2343 -174.0636 18.1010 176.8308 -174.8329 20.8541 178.9932 -178.0556 22.1331 -167.9218 167.1381 21.2119 -166.0912 -177.0122 16.4555 178.9932 -178.0556 22.1331 -86.5461 -74.2835 13.2928 32.7965 -41.6311 6.4054 32.7965 -71.2419 6.4054 178.9932 -178.0556 22.1331 105.3035 -144.3683 -2.6617 -69.6662 22.6306 -40.1590 -69.6662 35.9954 -40.1590 -172.0108 176.6424 13.1233 -174.9124 -149.4160 1.2114 -175.5770 -169.4811 2.3422 -179.0730 144.5300 17.9496 168.7483 153.5744 18.9963 167.9657 -158.2689 35.9938 177.6255 178.4384 48.8481 177.6142 179.6381 49.2878
-3.2136 16.1929 47.6198 179.7440 -177.8020 14.9047 175.5339 -173.6176 16.9602 175.9154 -174.0479 19.2475 178.3970 -176.9243 20.2246 -168.4045 167.9616 19.5611 -166.7987 -176.6195 15.6257 178.3970 -176.9243 20.2246 -89.1818 -75.8728 11.6502 30.8028 -42.2462 8.4425 30.8028 -71.2665 8.4425 178.3970 -176.9243 20.2246 103.3877 -141.1119 -0.9241 -68.4665 18.0633 -41.6759 -68.4665 31.2514 -41.6759 -171.5504 176.3353 13.1341 -174.3406 -149.9765 1.2897 -175.0735 -169.8253 2.2538 -178.6490 144.2510 17.8192 169.0996 154.0781 17.8490 168.3893 -158.4476 34.6110 178.0659 178.5322 48.2744 178.0562 -179.6241 48.9480
-3.3403 16.2428 47.6917 179.9370 -177.3480 14.2147 174.8898 -173.1688 16.0105 175.0267 -173.3435 17.8294 177.7914 -175.9247 18.4940 -168.8184 168.8803 18.0749 -167.6088 -176.2882 14.9457 177.7914 -175.9247 18.4940 -91.6603 -77.5766 9.7921 29.0023 -42.9342 10.6745 29.0023 -71.3800 10.6745 177.7914 -175.9247 18.4940 101.8127 -137.8420 0.6405 -66.7396 13.2668 -42.9922 -66.7396 25.8752 -42.9922 -171.0183 176.2075 13.3150 -173.7278 -150.4106 1.5599 -174.6299 -170.0115 2.1462 -178.1670 144.4869 17.5829 169.4068 154.6565 16.7681 168.7609 -158.7431 33.2330 178.4043 178.5233 47.7442 178.4001 -178.8626 48.6967
-3.4559 16.3003 47.7626 -179.9950 -176.7730 13.5646 174.4609 -172.6169 15.1336 174.3360 -172.6520 16.5414 177.1611 -175.0530 16.9369 -169.2346 169.7991 16.7576 -168.5056 -175.9864 14.4344 177.1611 -175.0530 16.9369 -93.9519 -79.2410 7.8210 27.2428 -43.7047 12.9653 27.2428 -71.7062 12.9653 177.1611 -175.0530 16.9369 100.5874 -134.7770 1.9824 -64.7471 8.6187 -43.9620 -64.7471 20.4184 -43.9620 -170.5105 176.0786 13.4885 -173.1395 -150.8483 1.8244 -174.1396 -170.1151 2.1389 -177.5588 145.0882 17.3715 169.6830 155.2464 15.7311 169.0911 -159.1020 31.8749 178.7008 178.4442 47.3086 178.7062 -178.1101 48.5610
-3.5577 16.3605 47.8343 179.9540 -176.1040 12.9207 174.3026 -171.9622 14.2825 173.8793 -171.9359 15.3404 176.4992 -174.2464 15.5237 -169.6467 170.7150 15.5708 -169.4837 -175.7643 14.0420 176.4992 -174.2464 15.5237 -96.0518 -80.6558 5.8075 25.4385 -44.6331 15.1095 25.4385 -72.2140 15.1095 176.4992 -174.2464 15.5237 99.6731 -132.0056 3.1147 -62.6920 4.3303 -44.5942 -62.6920 15.3193 -44.5942 -170.1194 175.8273 13.5444 -172.6478 -151.3772 1.9597 -173.6239 -170.1528 2.2025 -176.9615 145.5019 17.3043 169.9231 155.8263 14.7152 169.3790 -159.4743 30.5367 178.9691 178.2853 46.9397 178.9875 -177.3822 48.5111
-3.6475 16.4175 47.9030 179.9090 -175.4340 12.3621 174.3477 -171.2977 13.5062 173.5734 -171.2164 14.2380 175.8215 -173.4497 14.2408 -170.0089 171.7003 14.4803 -170.5571 -175.7389 13.7181 175.8215 -173.4497 14.2408 -97.9639 -81.8800 3.7514 23.6436 -45.6987 17.1393 23.6436 -72.9370 17.1393 175.8215 -173.4497 14.2408 99.0198 -129.5202 4.0758 -60.6752 0.4531 -44.9520 -60.6752 10.8129 -44.9520 -169.8541 175.4802 13.4700 -172.2683 -151.9677 1.9534 -173.1266 -170.1406 2.2933 -176.4212 145.7129 17.3382 170.1196 156.3899 13.7625 169.6172 -159.8538 29.2646 179.1785 178.0495 46.6219 179.2091 -176.7850 48.4928
-3.7294 16.4688 47.9648 -179.9950 -174.8240 11.9498 174.4762 -170.6935 12.8733 173.3145 -170.5243 13.2853 175.1854 -172.6473 13.1129 -170.2569 172.8320 13.5112 -171.7496 -176.0310 13.5145 175.1854 -172.6473 13.1129 -99.6942 -83.0202 1.6335 21.9181 -46.8605 19.1390 21.9181 -73.8355 19.1390 175.1854 -172.6473 13.1129 98.5728 -127.2937 4.8468 -58.7786 -2.9867 -45.0525 -58.7786 6.8176 -45.0525 -169.6535 175.1388 13.3631 -171.9637 -152.5046 1.9007 -172.6801 -170.1011 2.4049 -175.9045 146.0535 17.3651 170.2729 156.9395 12.9416 169.8044 -160.2609 28.1201 179.3031 177.7654 46.3822 179.3414 -176.3682 48.5058
-3.8053 16.5155 48.0235 -179.7160 -174.2380 11.5734 174.6432 -170.0913 12.3272 173.0803 -169.8455 12.4694 174.6358 -171.8837 12.1409 -170.3482 174.1207 12.6991 -173.1001 -176.6975 13.5348 174.6358 -171.8837 12.1409 -101.1922 -84.0574 -0.4743 20.3351 -48.0698 21.0504 20.3351 -74.7199 21.0504 174.6358 -171.8837 12.1409 98.2838 -125.2639 5.3780 -56.9769 -6.0529 -44.9389 -56.9769 3.2267 -44.9389 -169.4727 174.8161 13.3048 -171.6957 -152.9544 1.8751 -172.2992 -170.0758 2.5145 -175.4316 146.5107 17.3515 170.3839 157.4714 12.2508 169.9397 -160.7084 27.0981 179.3307 177.4317 46.2108 179.3713 -176.0911 48.5557
-3.8765 16.5583 48.0783 -179.3420 -173.6660 11.2158 174.8227 -169.4796 11.8345 172.8918 -169.1647 11.7357 174.2090 -171.1394 11.2578 -170.3306 175.4142 12.0066 -174.6263 -177.7179 13.7550 174.2090 -171.1394 11.2578 -102.3958 -84.9499 -2.4322 18.9751 -49.2373 22.7679 18.9751 -75.4682 22.7679 174.2090 -171.1394 11.2578 98.0832 -123.4111 5.6881 -55.2306 -8.8252 -44.7326 -55.2306 0.0036 -44.7326 -169.2686 174.5577 13.3691 -171.4261 -153.2945 1.9578 -171.9941 -170.1058 2.6086 -175.0271 147.0281 17.2851 170.4751 157.9690 11.6992 170.0453 -161.1849 26.2172 179.2727 177.0548 46.0689 179.3123 -175.8557 48.6364
-3.9431 16.5964 48.1250 -179.0220 -173.1590 10.9724 175.0160 -168.9232 11.4437 172.7789 -168.5290 11.1026 173.8830 -170.4368 10.4797 -170.2001 176.6716 11.4506 -176.3211 -179.0775 14.1462 173.8830 -170.4368 10.4797 -103.3031 -85.7231 -4.1494 17.8780 -50.2736 24.2664 17.8780 -76.1060 24.2664 173.8830 -170.4368 10.4797 97.8904 -121.8376 5.8699 -53.6260 -11.2467 -44.5930 -53.6260 -2.7285 -44.5930 -169.0147 174.4370 13.6014 -171.1349 -153.5046 2.2131 -171.7614 -170.1503 2.7017 -174.6792 147.6390 17.1844 170.5756 158.3938 11.3067 170.1481 -161.6724 25.5164 179.1615 176.6719 45.9555 179.1984 -175.6428 48.7401
-4.0025 16.6293 48.1666 -178.8380 -172.7020 10.8179 175.2714 -168.4122 11.1198 172.7832 -167.9418 10.5526 173.6186 -169.7925 9.8148 -169.9463 177.9920 11.0301 -178.1563 179.2034 14.6822 173.6186 -169.7925 9.8148 -103.9535 -86.4958 -5.5696 17.0502 -51.0630 25.6191 17.0502 -76.7651 25.6191 173.6186 -169.7925 9.8148 97.6525 -120.6757 6.0413 -52.2948 -13.2107 -44.6573 -52.2948 -4.8036 -44.6573 -168.7593 174.3944 13.9000 -170.8547 -153.6608 2.5441 -171.5753 -170.1180 2.7838 -174.3926 148.1573 17.1258 170.6848 158.7305 11.0059 170.2512 -162.1276 24.9478 179.0429 176.3032 45.8594 179.0753 -175.4622 48.8446
-4.0518 16.6570 48.2088 -178.7630 -172.2490 10.6602 175.6221 -167.8897 10.7750 172.9174 -167.3607 10.0078 173.4050 -169.1862 9.1946 -169.5843 179.3891 10.6831 179.9024 177.1478 15.2957 173.4050 -169.1862 9.1946 -104.3950 -87.2974 -6.6311 16.4687 -51.5364 26.8221 16.4687 -77.3828 26.8221 173.4050 -169.1862 9.1946 97.3633 -119.8463 6.2803 -51.1890 -14.8460 -44.9250 -51.1890 -6.2501 -44.9250 -168.5693 174.3018 14.1221 -170.6307 -153.8581 2.7955 -171.4043 -170.1021 2.8688 -174.1691 148.4322 17.1347 170.7778 158.9899 10.7195 170.3335 -162.5362 24.4352 178.9297 175.9781 45.8071 178.9528 -175.4028 48.9342
-4.0938 16.6787 48.2454 -178.6810 -171.8690 10.6146 175.9976 -167.4257 10.5005 173.0971 -166.8280 9.4953 173.2530 -168.6264 8.5938 -169.1384 -179.2315 10.3735 177.9174 174.8641 15.8797 173.2530 -168.6264 8.5938 -104.6858 -87.9888 -7.3348 16.0041 -51.8028 27.7664 16.0041 -77.5911 27.7664 173.2530 -168.6264 8.5938 97.0531 -119.0769 6.6110 -50.2133 -16.3989 -45.1774 -50.2133 -7.5471 -45.1774 -168.4182 174.2085 14.3200 -170.4518 -154.0160 3.0098 -171.2777 -170.1674 2.9430 -174.0322 148.5102 17.1618 170.8487 159.1801 10.5366 170.3846 -162.9452 24.0498 178.7837 175.7887 45.8999 178.7908 -175.6125 49.0240
-4.1308 16.6955 48.2724 -178.5120 -171.6030 10.7207 176.3379 -167.0695 10.3638 173.2527 -166.4011 9.0852 173.1596 -168.1726 8.0675 -168.6143 -177.9156 10.1339 175.9582 172.4985 16.4035 173.1596 -168.1726 8.0675 -104.8676 -88.5376 -7.7529 15.6003 -51.9467 28.4608 15.6003 -77.4565 28.4608 173.1596 -168.1726 8.0675 96.7456 -118.2668 6.9924 -49.3769 -17.9001 -45.2837 -49.3769 -9.0453 -45.2837 -168.2706 174.1814 14.5744 -170.2981 -154.0593 3.2658 -171.2253 -170.1424 2.9537 -173.9785 148.5093 17.1813 170.9012 159.3403 10.4839 170.4142 -163.3511 23.8058 178.5987 175.6725 46.0563 178.5880 -175.9449 49.1068
-4.1620 16.7100 48.2942 -178.2730 -171.3690 10.8230 176.6474 -166.7619 10.2766 173.3887 -166.0594 8.7729 173.1104 -167.8318 7.6546 -168.0850 -176.7374 9.9960 174.1045 170.1764 16.8637 173.1104 -167.8318 7.6546 -104.9755 -89.0286 -7.9719 15.3018 -51.9562 29.0104 15.3018 -77.4112 29.0104 173.1104 -167.8318 7.6546 96.4535 -117.5305 7.3568 -48.7287 -19.2026 -45.3061 -48.7287 -10.6623 -45.3061 -168.1406 174.1715 14.8399 -170.1707 -154.0537 3.5227 -171.2189 -170.0166 2.9092 -173.9679 148.4896 17.1878 170.9357 159.5033 10.4730 170.4323 -163.7064 23.6192 178.4107 175.5010 46.1271 178.3857 -176.1356 49.1744
-4.1877 16.7231 48.3116 -178.0380 -171.1320 10.8777 176.9349 -166.4945 10.2066 173.5272 -165.7796 8.5584 173.0890 -167.5530 7.3793 -167.7279 -175.7764 10.0191 172.4907 167.9446 17.3367 173.0890 -167.5530 7.3793 -105.0505 -89.4735 -8.0696 15.0963 -51.8698 29.4582 15.0963 -77.5874 29.4582 173.0890 -167.5530 7.3793 96.1764 -116.9792 7.6620 -48.1903 -20.2715 -45.3932 -48.1903 -12.1226 -45.3932 -168.0212 174.1864 15.1174 -170.0577 -154.0308 3.7945 -171.2351 -169.9791 2.8839 -173.9847 148.4735 17.1810 170.9602 159.6510 10.4844 170.4449 -164.0046 23.4790 178.2390 175.2750 46.1200 178.2032 -176.1601 49.2433
-4.2086 16.7342 48.3220 -177.8550 -170.9250 10.9817 177.2140 -166.3008 10.2201 173.6834 -165.5760 8.4851 173.0789 -167.3311 7.2817 -167.7249 -174.9600 10.2796 171.2419 165.7739 17.9663 173.0789 -167.3311 7.2817 -105.1096 -89.7827 -8.1364 14.8840 -51.8409 29.7770 14.8840 -77.6785 29.7770 173.0789 -167.3311 7.2817 95.9179 -116.6157 7.9252 -47.6886 -21.1615 -45.5982 -47.6886 -13.3726 -45.5982 -167.8971 174.2829 15.4279 -169.9506 -153.9663 4.1139 -171.2662 -169.9783 2.9037 -174.0054 148.5290 17.1845 170.9811 159.7391 10.5750 170.4492 -164.2741 23.4485 178.0724 175.1091 46.1593 178.0269 -176.2173 49.3245
-4.2230 16.7430 48.3277 -177.7380 -170.7480 11.1433 177.5057 -166.1572 10.3084 173.8780 -165.4394 8.5305 173.0844 -167.1851 7.3370 -167.8787 -174.3924 10.7106 170.2125 163.8160 18.6594 173.0844 -167.1851 7.3370 -105.1352 -89.9941 -8.2332 14.6608 -51.9068 30.0288 14.6608 -77.6469 30.0288 173.0844 -167.1851 7.3370 95.6635 -116.5047 8.1610 -47.2867 -21.8028 -45.9639 -47.2867 -14.3471 -45.9639 -167.8015 174.4129 15.6981 -169.8726 -153.9039 4.4061 -171.2968 -169.9221 2.9519 -174.0114 148.6431 17.2184 170.9896 159.7599 10.7214 170.4360 -164.5085 23.5094 177.9077 174.9802 46.2256 177.8528 -176.3084 49.4070
-4.2296 16.7497 48.3318 -177.6590 -170.5760 11.2987 177.8133 -166.0179 10.4167 174.1106 -165.3449 8.6441 173.1171 -167.1226 7.4924 -167.9092 -174.2090 11.2047 169.2010 162.1884 19.2483 173.1171 -167.1226 7.4924 -105.0929 -90.1139 -8.3516 14.4873 -52.0446 30.2116 14.4873 -77.5892 30.2116 173.1171 -167.1226 7.4924 95.4102 -116.6576 8.4017 -47.0852 -22.1328 -46.4669 -47.0852 -15.0881 -46.4669 -167.7645 174.5089 15.8545 -169.8435 -153.8871 4.5890 -171.3141 -169.8996 3.0282 -174.0040 148.7694 17.2643 170.9768 159.7292 10.8909 170.3998 -164.6943 23.6277 177.7506 174.8668 46.2951 177.6867 -176.4081 49.4838
-4.2300 16.7535 48.3300 -177.5970 -170.4560 11.5230 178.0877 -165.9522 10.6085 174.3521 -165.3356 8.8539 173.2070 -167.1448 7.7458 -167.7661 -174.2567 11.7283 168.1490 160.7925 19.6791 173.2070 -167.1448 7.7458 -104.9636 -90.1222 -8.4178 14.4144 -52.1921 30.2716 14.4144 -77.6538 30.2716 173.2070 -167.1448 7.7458 95.1872 -116.9773 8.6263 -47.0260 -22.2263 -47.0268 -47.0260 -15.5748 -47.0268 -167.7432 174.6429 15.9997 -169.8367 -153.8378 4.7635 -171.3607 -169.9274 3.0999 -174.0407 148.8348 17.3058 170.9529 159.6539 11.1246 170.3503 -164.8417 23.8390 177.5987 174.7971 46.3796 177.5263 -176.5521 49.5435
-4.2257 16.7543 48.3214 -177.5640 -170.4020 11.8370 178.3140 -165.9805 10.9026 174.5881 -165.4234 9.1743 173.3417 -167.2516 8.1084 -167.6101 -174.2795 12.2991 167.1394 159.4891 20.0319 173.3417 -167.2516 8.1084 -104.7683 -90.0008 -8.3950 14.4305 -52.3248 30.1762 14.4305 -77.9010 30.1762 173.3417 -167.2516 8.1084 95.0096 -117.4254 8.8550 -47.0702 -22.1325 -47.6330 -47.0702 -15.7928 -47.6330 -167.7072 174.8578 16.2111 -169.8302 -153.7187 5.0089 -171.4569 -169.9248 3.1452 -174.1352 148.8438 17.3486 170.9253 159.5409 11.4165 170.2955 -164.9516 24.1347 177.4578 174.7844 46.4777 177.3786 -176.7400 49.5799
-4.2174 16.7524 48.3070 -177.5690 -170.4030 12.2323 178.4887 -166.0920 11.2868 174.8080 -165.5911 9.5892 173.5006 -167.4187 8.5629 -167.4108 -174.2073 12.8902 166.1524 158.1889 20.2730 173.5006 -167.4187 8.5629 -104.5422 -89.7795 -8.2789 14.5083 -52.4197 29.9490 14.5083 -78.3009 29.9490 173.5006 -167.4187 8.5629 94.8856 -117.9995 9.0757 -47.2234 -21.8356 -48.2745 -47.2234 -15.7223 -48.2745 -167.6444 175.1596 16.5188 -169.8127 -153.5281 5.3564 -171.5989 -169.9402 3.1904 -174.2831 148.8186 17.3952 170.8991 159.3838 11.7489 170.2392 -165.0276 24.4980 177.3307 174.8178 46.5868 177.2469 -176.9436 49.6043
-4.2046 16.7482 48.2889 -177.5980 -170.4300 12.6970 178.6298 -166.2483 11.7424 175.0072 -165.8098 10.0740 173.6562 -167.6322 9.0839 -167.1773 -174.0474 13.5138 165.1784 156.8431 20.4779 173.6562 -167.6322 9.0839 -104.3043 -89.4772 -8.0843 14.6607 -52.4617 29.6093 14.6607 -78.9524 29.6093 173.6562 -167.6322 9.0839 94.8146 -118.6877 9.2925 -47.4829 -21.3446 -48.9460 -47.4829 -15.4109 -48.9460 -167.5716 175.5293 16.8943 -169.7970 -153.2839 5.7772 -171.7802 -169.8981 3.2328 -174.4681 148.7863 17.4612 170.8647 159.1727 12.1117 170.1695 -165.0779 24.9197 177.2040 174.8817 46.7149 177.1186 -177.1053 49.6510
-4.1867 16.7413 48.2662 -177.6270 -170.4980 13.2923 178.7667 -166.4552 12.3095 175.1922 -166.0806 10.6455 173.7917 -167.8932 9.6792 -166.9184 -173.8363 14.1937 164.2111 155.4726 20.7005 173.7917 -167.8932 9.6792 -104.0734 -89.0153 -7.8309 14.7899 -52.5424 29.1055 14.7899 -79.5819 29.1055 173.7917 -167.8932 9.6792 94.8061 -119.4599 9.4957 -47.8175 -20.6885 -49.6273 -47.8175 -14.8849 -49.6273 -167.4932 175.9748 17.3296 -169.7899 -152.9725 6.2618 -172.0054 -169.7609 3.2684 -174.6874 148.7727 17.5489 170.8148 158.8950 12.5286 170.0750 -165.1204 25.4218 177.0554 174.9815 46.8865 176.9710 -177.2378 49.7380
-4.1627 16.7325 48.2423 -177.6470 -170.5870 13.9390 178.9004 -166.6584 12.9355 175.3584 -166.3559 11.2840 173.9001 -168.1802 10.3442 -166.6913 -173.6044 14.9336 163.3056 154.0920 20.9548 173.9001 -168.1802 10.3442 -103.8633 -88.3341 -7.5370 14.8211 -52.7313 28.3986 14.8211 -79.8778 28.3986 173.9001 -168.1802 10.3442 94.8455 -120.3676 9.6713 -48.2935 -19.7874 -50.3382 -48.2935 -14.1087 -50.3382 -167.4414 176.4258 17.7465 -169.8116 -152.6478 6.7258 -172.2556 -169.6445 3.3103 -174.9345 148.7514 17.6376 170.7376 158.5631 12.9777 169.9455 -165.1520 25.9790 176.8800 175.1065 47.0989 176.7972 -177.3925 49.8485
-4.1327 16.7217 48.2172 -177.6660 -170.7010 14.6177 179.0073 -166.8626 13.6084 175.5006 -166.6183 11.9806 174.0020 -168.4528 11.0684 -166.5139 -173.3057 15.7181 162.4817 152.6011 21.1871 174.0020 -168.4528 11.0684 -103.6507 -87.5066 -7.1845 14.8293 -52.9503 27.5389 14.8293 -79.8539 27.5389 174.0020 -168.4528 11.0684 94.9272 -121.4234 9.7703 -48.9704 -18.5697 -51.0437 -48.9704 -13.0725 -51.0437 -167.4063 176.8741 18.1536 -169.8523 -152.3083 7.1743 -172.5317 -169.6305 3.3577 -175.2243 148.6750 17.7116 170.6404 158.1920 13.4522 169.7908 -165.1663 26.5815 176.6890 175.2477 47.3324 176.6070 -177.6220 49.9473
-4.0964 16.7086 48.1909 -177.7040 -170.8350 15.3316 179.0884 -167.0685 14.3289 175.6245 -166.8724 12.7379 174.0962 -168.7171 11.8576 -166.3821 -172.9226 16.5222 161.7259 150.9698 21.2896 174.0962 -168.7171 11.8576 -103.4255 -86.6258 -6.7745 14.9392 -53.1009 26.5959 14.9392 -79.8805 26.5959 174.0962 -168.7171 11.8576 95.0392 -122.4821 9.8046 -49.7657 -17.2036 -51.6502 -49.7657 -11.8897 -51.6502 -167.3800 177.3316 18.5786 -169.9072 -151.9400 7.6344 -172.8472 -169.5412 3.3661 -175.5531 148.5736 17.7812 170.5259 157.7878 13.9429 169.6145 -165.1579 27.2197 176.4872 175.3951 47.5695 176.4052 -177.9162 50.0240
-4.0536 16.6933 48.1641 -177.7620 -170.9720 16.0857 179.1827 -167.2669 15.0977 175.7488 -167.1285 13.5636 174.1583 -168.9996 12.7300 -166.3007 -172.5088 17.3549 161.0249 149.2556 21.2494 174.1583 -168.9996 12.7300 -103.1958 -85.6604 -6.3363 15.1235 -53.2318 25.5569 15.1235 -79.9593 25.5569 174.1583 -168.9996 12.7300 95.1636 -123.4962 9.8178 -50.6232 -15.7927 -52.1618 -50.6232 -10.5907 -52.1618 -167.3669 177.7903 19.0155 -169.9793 -151.5522 8.1003 -173.1947 -169.3822 3.3524 -175.9081 148.4788 17.8516 170.3975 157.3475 14.4375 169.4195 -165.1269 27.8822 176.2750 175.5272 47.7903 176.1926 -178.2358 50.0809
-4.0042 16.6760 48.1361 -177.8440 -171.1160 16.8758 179.2771 -167.4658 15.9096 175.8653 -167.3847 14.4477 174.1896 -169.2861 13.6711 -166.2919 -172.1260 18.2459 160.3740 147.5522 21.2155 174.1896 -169.2861 13.6711 -102.9885 -84.5841 -5.8855 15.3290 -53.3814 24.4079 15.3290 -80.0294 24.4079 174.1896 -169.2861 13.6711 95.2745 -124.5314 9.8169 -51.5838 -14.2856 -52.6384 -51.5838 -9.0733 -52.6384 -167.3702 178.2584 19.4562 -170.0715 -151.1469 8.5676 -173.5684 -169.2160 3.3457 -176.2855 148.4006 17.9266 170.2551 156.8692 14.9570 169.2041 -165.0797 28.5885 176.0433 175.6392 47.9952 175.9602 -178.5656 50.1255
-3.9477 16.6573 48.1070 -177.9440 -171.2690 17.6969 179.3785 -167.6637 16.7526 175.9769 -167.6433 15.3691 174.1897 -169.5846 14.6554 -166.3223 -171.8351 19.1845 159.7379 146.0191 21.2749 174.1897 -169.5846 14.6554 -102.7952 -83.4221 -5.4033 15.5320 -53.5373 23.1664 15.5320 -80.0344 23.1664 174.1897 -169.5846 14.6554 95.3544 -125.6591 9.7990 -52.7151 -12.5956 -53.1237 -52.7151 -7.2224 -53.1237 -167.3910 178.7436 19.9031 -170.1841 -150.7294 9.0433 -173.9689 -169.0860 3.3591 -176.6943 148.3109 18.0119 170.0928 156.3552 15.5095 168.9608 -165.0282 29.3422 175.7790 175.7280 48.1993 175.6955 -178.8816 50.1826
-3.8836 16.6375 48.0768 -178.0460 -171.4240 18.5575 179.4834 -167.8622 17.6336 176.0794 -167.9036 16.3274 174.1651 -169.8867 15.6762 -166.4002 -171.6527 20.1462 159.1522 144.5787 21.3055 174.1651 -169.8867 15.6762 -102.5926 -82.1879 -4.8794 15.7514 -53.6862 21.8402 15.7514 -80.0142 21.8402 174.1651 -169.8867 15.6762 95.3967 -126.8626 9.7698 -53.9861 -10.7637 -53.6249 -53.9861 -5.1031 -53.6249 -167.4286 179.2613 20.3839 -170.3188 -150.2919 9.5574 -174.4074 -168.9509 3.3981 -177.1420 148.2153 18.1259 169.8969 155.8005 16.1030 168.6722 -164.9956 30.1452 175.4583 175.8026 48.4442 175.3744 -179.2110 50.2807
-3.8116 16.6169 48.0460 -178.1360 -171.5720 19.4704 179.5943 -168.0569 18.5580 176.1736 -168.1613 17.3159 174.1220 -170.1855 16.7191 -166.5169 -171.6278 21.1210 158.6325 143.2051 21.2605 174.1220 -170.1855 16.7191 -102.3859 -80.8861 -4.3386 15.9860 -53.8448 20.4438 15.9860 -79.9992 20.4438 174.1220 -170.1855 16.7191 95.3985 -128.1936 9.7371 -55.3906 -8.7657 -54.2162 -55.3906 -2.7930 -54.2162 -167.4678 179.8349 20.9403 -170.4651 -149.8144 10.1529 -174.8881 -168.8038 3.4844 -177.6289 148.1328 18.2867 169.6687 155.2173 16.7310 168.3403 -164.9859 30.9856 175.0800 175.8431 48.7108 174.9953 -179.5482 50.4102
-3.7314 16.5960 48.0139 -178.2270 -171.7190 20.4351 179.7027 -168.2602 19.5240 176.2555 -168.4331 18.3308 174.0585 -170.4982 17.7796 -166.6630 -171.7689 22.1168 158.1665 141.9703 21.2261 174.0585 -170.4982 17.7796 -102.1900 -79.5577 -3.7995 16.2277 -54.0079 19.0211 16.2277 -79.9578 19.0211 174.0585 -170.4982 17.7796 95.3559 -129.6281 9.6932 -56.9565 -6.5946 -54.8584 -56.9565 -0.4150 -54.8584 -167.4939 -179.5122 21.5991 -170.6119 -149.2837 10.8600 -175.4121 -168.6423 3.6322 -178.1502 148.0931 18.5008 169.4142 154.6351 17.3672 167.9774 -164.9850 31.8312 174.6576 175.8295 48.9471 174.5709 -179.8920 50.5269
-3.6423 16.5758 47.9813 -178.3220 -171.8650 21.4304 179.8306 -168.4670 20.5190 176.3329 -168.7496 19.3782 173.9531 -170.8958 18.8754 -166.7679 -171.9612 23.1099 157.7108 140.9986 21.2476 173.9531 -170.8958 18.8754 -102.0018 -78.2694 -3.2789 16.4662 -54.1640 17.6403 16.4662 -79.9167 17.6403 173.9531 -170.8958 18.8754 95.2788 -131.0966 9.6457 -58.6943 -4.2790 -55.4530 -58.6943 1.9643 -55.4530 -167.5099 -178.7841 22.3384 -170.7589 -148.7153 11.6606 -175.9715 -168.4779 3.8389 -178.6937 148.1229 18.7535 169.1314 154.0798 17.9882 167.5868 -164.9894 32.6505 174.1996 175.7641 49.1460 174.1101 179.7106 50.6058
-3.5443 16.5576 47.9491 -178.3990 -171.9990 22.4425 179.9843 -168.6641 21.5384 176.4090 -169.0897 20.4616 173.8136 -171.3506 20.0119 -166.8033 -172.1543 24.0951 157.2596 140.2606 21.3059 173.8136 -171.3506 20.0119 -101.8118 -76.9916 -2.7643 16.6624 -54.3310 16.2746 16.6624 -79.8043 16.2746 173.8136 -171.3506 20.0119 95.1645 -132.5628 9.5778 -60.5907 -1.8509 -55.9487 -60.5907 4.3820 -55.9487 -167.5201 -177.9904 23.1542 -170.9087 -148.1181 12.5503 -176.5597 -168.3466 4.1249 -179.2482 148.2609 19.0413 168.8085 153.5618 18.5889 167.1571 -165.0165 33.4292 173.6969 175.6493 49.3402 173.6047 179.2111 50.6607
-3.4373 16.5428 47.9174 -178.4210 -172.0960 23.4811 -179.8479 -168.8383 22.5881 176.4836 -169.4080 21.5710 173.6792 -171.7766 21.1667 -166.8901 -172.3997 25.1034 156.8616 139.6111 21.4322 173.6792 -171.7766 21.1667 -101.6349 -75.6885 -2.2366 16.7927 -54.5093 14.8842 16.7927 -79.6149 14.8842 173.6792 -171.7766 21.1667 95.0024 -134.0252 9.4768 -62.6045 0.6479 -56.3719 -62.6045 6.9240 -56.3719 -167.5302 -177.1384 24.0597 -171.0695 -147.4829 13.5363 -177.1790 -168.1928 4.5068 -179.8097 148.5217 19.3958 168.4301 153.0894 19.1797 166.6727 -165.0868 34.1681 173.1291 175.4644 49.5387 173.0344 178.6327 50.7166
-3.3210 16.5324 47.8852 -178.3630 -172.1440 24.5744 -179.6728 -169.0099 23.6835 176.5559 -169.6996 22.6980 173.5746 -172.1237 22.3178 -167.0479 -172.7534 26.1304 156.5234 138.9964 21.5887 173.5746 -172.1237 22.3178 -101.4688 -74.3724 -1.6802 16.8893 -54.6692 13.4699 16.8893 -79.4421 13.4699 173.5746 -172.1237 22.3178 94.7996 -135.5097 9.3675 -64.7203 3.2202 -56.7745 -64.7203 9.5857 -56.7745 -167.5345 -176.2335 25.0662 -171.2406 -146.7918 14.6219 -177.8394 -167.8962 4.9565 179.6070 148.8317 19.8531 167.9975 152.6751 19.7664 166.1364 -165.2124 34.8648 172.4931 175.1963 49.7318 172.3966 177.9672 50.7653
-3.1957 16.5278 47.8536 -178.2390 -172.1360 25.7083 -179.4762 -169.1715 24.8087 176.6306 -169.9770 23.8321 173.4786 -172.4263 23.4608 -167.2000 -173.1291 27.1308 156.2136 138.4028 21.6681 173.4786 -172.4263 23.4608 -101.3035 -73.0695 -1.1167 16.9883 -54.8098 12.0623 16.9883 -79.4306 12.0623 173.4786 -172.4263 23.4608 94.5602 -137.0139 9.3015 -66.9148 5.8385 -57.1944 -66.9148 12.2599 -57.1944 -167.5572 -175.3291 26.1334 -171.4429 -146.0644 15.7544 -178.5499 -167.3671 5.4215 178.9889 149.1288 20.4114 167.5089 152.3308 20.3370 165.5490 -165.4007 35.5004 171.7876 174.8522 49.9132 171.6919 177.1990 50.7919
-3.0624 16.5287 47.8235 -178.0310 -172.0780 26.8692 -179.2557 -169.3261 25.9646 176.6994 -170.2660 24.9910 173.3797 -172.7350 24.6199 -167.3122 -173.4171 28.1087 155.9179 137.8568 21.7213 173.3797 -172.7350 24.6199 -101.1385 -71.7250 -0.6054 17.0894 -55.0089 10.6402 17.0894 -79.5676 10.6402 173.3797 -172.7350 24.6199 94.2876 -138.5129 9.2748 -69.1643 8.4720 -57.6148 -69.1643 14.8898 -57.6148 -167.6234 -174.4861 27.2305 -171.6997 -145.3180 16.8874 -179.3118 -166.5937 5.8920 178.3437 149.4412 21.0566 166.9645 152.0601 20.8795 164.9119 -165.6583 36.0595 171.0131 174.4379 50.0795 170.9215 176.3676 50.8052
-2.9221 16.5344 47.7955 -177.7180 -171.9750 28.0408 -179.0281 -169.4620 27.1437 176.7534 -170.5475 26.1705 173.2986 -173.0322 25.7907 -167.4778 -173.6063 29.0914 155.6676 137.3237 21.8651 173.2986 -173.0322 25.7907 -101.0087 -70.3312 -0.1820 17.1899 -55.2971 9.2109 17.1899 -79.8357 9.2109 173.2986 -173.0322 25.7907 93.9847 -139.9893 9.2919 -71.4521 11.0986 -58.0231 -71.4521 17.4799 -58.0231 -167.7715 -173.7753 28.2980 -172.0446 -144.5793 17.9460 179.8614 -165.4657 6.3007 177.6691 149.7547 21.7649 166.3659 151.8681 21.3903 164.2301 -165.9742 36.5399 170.1763 173.9518 50.2089 170.0886 175.5594 50.8161
-2.7757 16.5443 47.7694 -177.2910 -171.8450 29.2180 -178.7749 -169.5672 28.3357 176.7903 -170.8106 27.3579 173.2079 -173.3244 26.9609 -167.6798 -173.7658 30.0710 155.4403 136.8629 22.0939 173.2079 -173.3244 26.9609 -100.9244 -68.9263 0.1758 17.2544 -55.6445 7.8011 17.2544 -80.1647 7.8011 173.2079 -173.3244 26.9609 93.6632 -141.4689 9.3578 -73.7992 13.7637 -58.4322 -73.7992 20.1165 -58.4322 -168.0321 -173.2548 29.2870 -172.5033 -143.8742 18.8699 178.9438 -163.8236 6.5535 176.9654 150.0778 22.4955 165.7165 151.7496 21.8918 163.5062 -166.3486 36.9662 169.2747 173.3918 50.2931 169.1897 174.7634 50.8134
-2.6239 16.5583 47.7459 -176.7670 -171.6830 30.3849 -178.4669 -169.6068 29.5170 176.8293 -171.0266 28.5299 173.0914 -173.6067 28.1118 -167.8775 -173.9389 31.0159 155.2301 136.4466 22.2740 173.0914 -173.6067 28.1118 -100.8478 -67.5497 0.4955 17.2730 -56.0154 6.4367 17.2730 -80.5235 6.4367 173.0914 -173.6067 28.1118 93.3386 -142.9749 9.4619 -76.2257 16.5157 -58.8437 -76.2257 22.8428 -58.8437 -168.4288 -172.9802 30.1582 -173.0929 -143.2296 19.6097 177.9227 -161.5095 6.5944 176.2796 150.5483 23.2033 165.0222 151.6880 22.4285 162.7406 -166.8003 37.3825 168.2950 172.7580 50.3430 168.2141 173.9127 50.7830
-2.4685 16.5755 47.7240 -176.1630 -171.4660 31.5501 -178.1169 -169.5901 30.7016 176.8690 -171.2174 29.7068 172.9557 -173.8955 29.2656 -168.0839 -174.0954 31.9480 155.0276 136.0713 22.4504 172.9557 -173.8955 29.2656 -100.7373 -66.2028 0.7578 17.2629 -56.4262 5.1292 17.2629 -80.9201 5.1292 172.9557 -173.8955 29.2656 93.0355 -144.5160 9.5900 -78.7350 19.3871 -59.2264 -78.7350 25.6488 -59.2264 -168.9471 -172.9678 30.9303 -173.8013 -142.6376 20.1753 176.8300 -158.4049 6.5145 175.7470 151.5019 23.9102 164.2971 151.6538 23.0395 161.9393 -167.3487 37.8324 167.2326 172.0494 50.3721 167.1617 172.9434 50.7145
-2.3126 16.5945 47.7025 -175.5200 -171.1900 32.6852 -177.7742 -169.5415 31.8864 176.8908 -171.4142 30.9133 172.8152 -174.2146 30.4588 -168.2817 -174.1593 32.8939 154.8075 135.7582 22.6906 172.8152 -174.2146 30.4588 -100.6099 -64.8662 0.9779 17.2431 -56.8662 3.8507 17.2431 -81.3202 3.8507 172.8152 -174.2146 30.4588 92.7724 -146.0756 9.7372 -81.2909 22.3532 -59.5405 -81.2909 28.4850 -59.5405 -169.5556 -173.2228 31.6493 -174.6006 -142.0864 20.6061 175.7697 -154.3788 6.5675 175.6222 153.4793 24.7300 163.5619 151.6351 23.7304 161.1222 -167.9783 38.3306 166.1130 171.2739 50.3593 166.0582 171.8863 50.5950
-2.1591 16.6151 47.6802 -174.8940 -170.8970 33.7082 -177.4716 -169.4829 33.0086 176.8881 -171.6153 32.1139 172.6740 -174.5508 31.6716 -168.4896 -174.1472 33.8406 154.5663 135.4581 22.9458 172.6740 -174.5508 31.6716 -100.4919 -63.4504 1.2175 17.2341 -57.3190 2.4905 17.2341 -81.7909 2.4905 172.6740 -174.5508 31.6716 92.5661 -147.6199 9.8875 -83.8081 25.3344 -59.8033 -83.8081 31.4113 -59.8033 -170.2170 -173.7436 32.3387 -175.4552 -141.5621 20.9213 174.9863 -149.5557 7.2341 176.2493 157.0118 25.8967 162.8370 151.6444 24.4858 160.3171 -168.6510 38.8696 164.9858 170.4681 50.2972 164.9508 170.8184 50.4326
-2.0092 16.6373 47.6565 -174.3350 -170.6140 34.6503 -177.2181 -169.4184 34.0830 176.8643 -171.8130 33.3097 172.5271 -174.8970 32.9013 -168.6816 -174.0645 34.7834 154.2987 135.1886 23.2070 172.5271 -174.8970 32.9013 -100.4030 -61.9122 1.4945 17.2563 -57.7891 1.0008 17.2563 -82.4949 1.0008 172.5271 -174.8970 32.9013 92.4265 -149.1261 10.0272 -86.2330 28.2771 -60.0311 -86.2330 34.3756 -60.0311 -170.8865 -174.4953 33.0275 -176.3256 -141.0336 21.1522 174.6880 -144.8685 8.8008 177.5784 161.6700 27.4856 162.1267 151.6733 25.2991 159.5274 -169.3596 39.4481 163.8662 169.6564 50.2073 163.8529 169.7776 50.2544
-1.8635 16.6606 47.6319 -173.8480 -170.3450 35.6179 -176.9936 -169.3376 35.1825 176.8287 -171.9943 34.5371 172.3618 -175.2441 34.1680 -168.8033 -173.9067 35.7443 153.9879 135.0118 23.5411 172.3618 -175.2441 34.1680 -100.3118 -60.4223 1.7886 17.2807 -58.2193 -0.4542 17.2807 -83.1667 -0.4542 172.3618 -175.2441 34.1680 92.3537 -150.5942 10.1538 -88.5636 31.1776 -60.2141 -88.5636 37.2477 -60.2141 -171.5083 -175.4059 33.7617 -177.1627 -140.4683 21.3596 174.8866 -140.8473 11.0532 179.3499 166.7896 29.3263 161.4373 151.6951 26.1592 158.7543 -170.1049 40.0637 162.7626 168.8505 50.1089 162.7696 168.7919 50.0860
-1.7232 16.6830 47.6066 -173.4190 -170.0930 36.6674 -176.7837 -169.2195 36.3494 176.7858 -172.1338 35.8220 172.1743 -175.5746 35.4904 -168.8247 -173.6652 36.7545 153.5922 134.9386 24.0152 172.1743 -175.5746 35.4904 -100.2076 -59.0595 2.0936 17.2688 -58.5769 -1.8008 17.2688 -83.5209 -1.8008 172.1743 -175.5746 35.4904 92.3369 -152.0416 10.2555 -90.8294 34.0609 -60.3289 -90.8294 40.0189 -60.3289 -172.0513 -176.4090 34.5925 -177.9358 -139.8661 21.6168 175.5037 -137.3799 13.7030 -178.5784 172.1417 31.2565 160.7686 151.6905 27.0358 157.9960 -170.8654 40.7001 161.6893 168.0630 50.0108 161.7117 167.8903 49.9432
-1.5903 16.7028 47.5805 -173.0440 -169.8790 37.7559 -176.6061 -169.0709 37.5397 176.7376 -172.2047 37.1151 171.9997 -175.8345 36.8173 -168.8639 -173.3728 37.8276 153.0646 134.8298 24.7023 171.9997 -175.8345 36.8173 -100.0904 -57.7376 2.4059 17.2453 -58.9036 -3.1149 17.2453 -83.6871 -3.1149 171.9997 -175.8345 36.8173 92.3551 -153.4673 10.3191 -93.0429 36.9160 -60.3872 -93.0429 42.8449 -60.3872 -172.4955 -177.4535 35.5161 -178.6254 -139.2228 21.9372 176.4261 -134.4257 16.4553 -176.3854 177.2994 33.1553 160.1294 151.6660 27.8889 157.2671 -171.6017 41.3273 160.6815 167.3211 49.9319 160.7154 167.0763 49.8357
-1.4659 16.7198 47.5520 -172.6930 -169.6870 38.8780 -176.4730 -168.9094 38.7605 176.6630 -172.2383 38.4302 171.8306 -176.0500 38.1629 -168.9463 -172.9695 39.0118 152.3270 134.5894 25.7190 171.8306 -176.0500 38.1629 -99.9806 -56.3877 2.6856 17.2635 -59.2705 -4.4408 17.2635 -84.0261 -4.4408 171.8306 -176.0500 38.1629 92.4037 -154.8691 10.3628 -95.1953 39.7277 -60.3864 -95.1953 45.6867 -60.3864 -172.8259 -178.4946 36.5135 -179.2258 -138.5064 22.3091 177.2772 -132.2888 18.7737 -174.6060 -178.8396 34.7994 159.5256 151.6362 28.6791 156.5793 -172.2909 41.9081 159.7583 166.6390 49.8754 159.8021 166.3400 49.7578
-1.3501 16.7349 47.5194 -172.3420 -169.4860 40.0146 -176.3908 -168.7564 40.0086 176.5479 -172.2645 39.7780 171.6594 -176.2314 39.5433 -168.8763 -172.4041 40.3287 151.2245 134.2053 27.0576 171.6594 -176.2314 39.5433 -99.8660 -55.1098 2.9045 17.3351 -59.6599 -5.6758 17.3351 -84.4932 -5.6758 171.6594 -176.2314 39.5433 92.4743 -156.2342 10.4201 -97.2671 42.4646 -60.3417 -97.2671 48.4498 -60.3417 -173.0172 -179.4769 37.6018 -179.7220 -137.6997 22.7632 177.9317 -131.1513 20.5905 -173.3910 -176.9661 36.3505 158.9706 151.6261 29.3804 155.9547 -172.9038 42.4170 158.9441 166.0342 49.8269 158.9922 165.7209 49.7034
-1.2420 16.7478 47.4811 -171.9920 -169.2460 41.1684 -176.3487 -168.6194 41.3017 176.4063 -172.3002 41.1979 171.4936 -176.3868 41.0085 -168.4979 -171.6406 41.8373 149.5795 133.6456 28.7601 171.4936 -176.3868 41.0085 -99.7615 -53.9013 3.0552 17.4305 -60.0809 -6.8181 17.4305 -85.0123 -6.8181 171.4936 -176.3868 41.0085 92.5531 -157.5765 10.4989 -99.2890 45.1506 -60.2622 -99.2890 51.1535 -60.2622 -173.0476 179.6474 38.8448 179.9138 -136.8659 23.3957 178.3081 -131.0675 21.9891 -172.8239 -176.6722 37.7467 158.4691 151.6398 29.9998 155.3988 -173.4315 42.8626 158.2398 165.5060 49.7778 158.2820 165.2414 49.6733
-1.1399 16.7586 47.4362 -171.6450 -168.9520 42.3429 -176.3572 -168.5169 42.6395 176.2612 -172.3421 42.6814 171.3964 -176.4705 42.5478 -167.7800 -170.6364 43.5594 147.2742 132.8004 30.9055 171.3964 -176.4705 42.5478 -99.7015 -52.7167 3.1542 17.4919 -60.5380 -7.9154 17.4919 -85.4326 -7.9154 171.3964 -176.4705 42.5478 92.6096 -158.9010 10.5938 -101.3314 47.8237 -60.2061 -101.3314 54.0359 -60.2061 -172.9163 178.8961 40.2662 179.7056 -136.1136 24.2655 178.5274 -131.7752 23.2413 -172.6948 -177.1301 39.0397 158.0170 151.6642 30.5746 154.9014 -173.8925 43.2818 157.6249 165.0359 49.7384 157.6545 164.8559 49.6672
-1.0426 16.7679 47.3857 -171.3240 -168.6160 43.5110 -176.3857 -168.4166 43.9913 176.1206 -172.3884 44.2058 171.3222 -176.5387 44.1428 -166.7065 -169.2977 45.4696 144.2670 131.5744 33.5250 171.3222 -176.5387 44.1428 -99.7016 -51.6060 3.1567 17.5032 -61.0478 -8.9030 17.5032 -85.7922 -8.9030 171.3222 -176.5387 44.1428 92.6286 -160.2467 10.7239 -103.4950 50.5851 -60.1917 -103.4950 57.3313 -60.1917 -172.6645 178.2304 41.8146 179.6442 -135.5383 25.3363 178.8376 -132.8075 24.6297 -172.5724 -177.8303 40.4661 157.5994 151.6809 31.1502 154.4391 -174.3143 43.7181 157.0666 164.5995 49.7237 157.0863 164.4829 49.6775
-0.9491 16.7760 47.3305 -171.0560 -168.2730 44.6538 -176.3902 -168.2893 45.3101 176.0110 -172.4136 45.7040 171.2417 -176.6062 45.7186 -165.2000 -167.5978 47.4639 140.5143 129.9415 36.5023 171.2417 -176.6062 45.7186 -99.7427 -50.6979 2.9691 17.4933 -61.6346 -9.6239 17.4933 -86.2566 -9.6239 171.2417 -176.6062 45.7186 92.6217 -161.6703 10.8956 -105.8164 53.5141 -60.1414 -105.8164 61.0988 -60.1414 -172.3344 177.6105 43.4175 179.7079 -135.1747 26.5343 179.4492 -133.7813 26.3107 -172.0886 -178.6158 42.2440 157.2107 151.6721 31.7742 153.9981 -174.7186 44.2196 156.5440 164.1719 49.7252 156.5575 164.0941 49.6943
-0.8592 16.7823 47.2699 -170.8370 -167.9190 45.7491 -176.3788 -168.1408 46.5642 175.9488 -172.3793 47.1296 171.2044 -176.5821 47.2231 -163.2965 -165.6094 49.4796 135.9323 127.8212 39.7272 171.2044 -176.5821 47.2231 -99.8457 -49.9696 2.6517 17.4759 -62.2619 -10.1245 17.4759 -87.0178 -10.1245 171.2044 -176.5821 47.2231 92.6234 -163.1653 11.0935 -108.2059 56.5563 -60.0050 -108.2059 65.2209 -60.0050 -171.9613 177.0146 45.0246 179.8721 -135.0262 27.8052 -179.8293 -134.7530 28.0680 -171.4837 -179.6035 44.1697 156.8494 151.6392 32.4689 153.5753 -175.1107 44.8069 156.0513 163.7447 49.7157 156.0552 163.7234 49.7072
-0.7716 16.7869 47.2028 -170.6000 -167.5280 46.8339 -176.3621 -167.9976 47.8191 175.9134 -172.3195 48.5676 171.2227 -176.4779 48.7470 -161.0920 -163.2734 51.5681 130.4113 125.0218 43.2100 171.2227 -176.4779 48.7470 -100.0796 -49.2489 2.4110 17.4066 -62.8334 -10.6487 17.4066 -87.9910 -10.6487 171.2227 -176.4779 48.7470 92.6674 -164.5284 11.3209 -110.5354 59.5037 -60.0350 -110.5354 69.9850 -60.0350 -171.5705 176.4540 46.6123 -179.8877 -135.0785 29.1270 -179.2661 -135.8699 29.6721 -171.1221 179.0661 46.0011 156.5084 151.5835 33.2652 153.1602 -175.5133 45.5036 155.5729 163.3062 49.6824 155.5594 163.3793 49.7115
-0.6854 16.7899 47.1309 -170.2860 -167.0680 47.9419 -176.2863 -167.8111 49.1241 175.8930 -172.2675 50.0869 171.2189 -176.4220 50.3652 -158.7491 -160.5602 53.7736 123.9046 121.2817 46.9146 171.2189 -176.4220 50.3652 -100.4526 -48.5090 2.2950 17.2592 -63.3192 -11.2412 17.2592 -89.0867 -11.2412 171.2189 -176.4220 50.3652 92.7684 -165.7474 11.5607 -112.5409 62.1313 -60.0050 -112.5409 74.0202 -60.0050 -171.2036 175.9155 48.1730 -179.6049 -135.3407 30.4925 -179.0588 -137.2482 30.9866 -171.2833 177.3505 47.5616 156.1701 151.4977 34.1661 152.7306 -175.9656 46.3022 155.0804 162.8428 49.6398 155.0521 162.9930 49.6996
-0.5997 16.7927 47.0555 -169.8960 -166.5430 49.0625 -176.1121 -167.5409 50.4344 175.9205 -172.1895 51.6070 171.1986 -176.4113 51.9810 -156.0862 -157.3260 55.9096 116.3817 116.4175 50.4098 171.1986 -176.4113 51.9810 -100.8998 -47.8246 2.1827 17.0110 -63.7743 -11.7851 17.0110 -90.0656 -11.7851 171.1986 -176.4113 51.9810 92.9040 -166.9744 11.8130 -114.2196 64.5124 -59.7113 -114.2196 76.3417 -59.7113 -170.8765 175.4047 49.7207 -179.2974 -135.8044 31.9163 -179.2551 -138.9095 31.9932 -172.0398 175.2965 48.7956 155.8272 151.3980 35.1424 152.2841 -176.4685 47.1666 154.5768 162.3571 49.5934 154.5387 162.5534 49.6716
-0.5151 16.7950 46.9772 -169.4530 -165.9570 50.1254 -175.8843 -167.2120 51.6807 175.9925 -172.0607 53.0535 171.2150 -176.3556 53.5185 -153.0343 -153.5352 57.8800 107.7132 110.2334 53.4419 171.2150 -176.3556 53.5185 -101.3765 -47.1189 2.0748 16.6350 -64.2173 -12.3550 16.6350 -90.6864 -12.3550 171.2150 -176.3556 53.5185 93.0298 -168.2816 12.1086 -115.9041 66.9490 -59.3201 -115.9041 77.6940 -59.3201 -170.5942 174.9070 51.2884 -178.9678 -136.4785 33.4304 -179.7282 -140.7172 32.8012 -173.1959 173.0782 49.7954 155.4933 151.3263 36.1136 151.8520 -176.9647 48.0187 154.1052 161.8854 49.5301 154.0585 162.1189 49.6232
-0.4318 16.7960 46.8953 -168.9710 -165.3260 51.1190 -175.6204 -166.8480 52.8632 176.1008 -171.8807 54.4410 171.2703 -176.2265 54.9998 -149.6376 -149.2819 59.6610 97.9469 102.9212 55.9654 171.2703 -176.2265 54.9998 -101.8762 -46.3114 2.0345 16.1538 -64.6323 -13.0519 16.1538 -90.9178 -13.0519 171.2703 -176.2265 54.9998 93.0880 -169.5297 12.5037 -117.8926 69.5776 -59.1861 -117.8926 79.5953 -59.1861 -170.3670 174.4094 52.8869 -178.6244 -137.3641 35.0447 179.6853 -142.5133 33.5319 -174.4993 170.8958 50.6728 155.1820 151.2970 37.0447 151.4559 -177.4064 48.8337 153.6916 161.4562 49.4477 153.6365 161.7252 49.5551
-0.3509 16.7941 46.8098 -168.4680 -164.6650 52.0314 -175.3359 -166.4511 53.9723 176.2425 -171.6335 55.7634 171.3732 -175.9962 56.4208 -145.9936 -144.5985 61.1997 87.3497 94.7045 57.7909 171.3732 -175.9962 56.4208 -102.3781 -45.4351 2.0653 15.6787 -65.0198 -13.8421 15.6787 -90.9940 -13.8421 171.3732 -175.9962 56.4208 93.0355 -170.6502 12.9731 -120.0059 72.1619 -59.2037 -120.0059 81.6289 -59.2037 -170.2205 173.8708 54.4890 -178.2810 -138.4606 36.7251 179.1235 -144.2860 34.2663 -175.7933 168.7562 51.5167 154.9028 151.3020 37.9233 151.1048 -177.7749 49.6084 153.3428 161.0807 49.3612 153.2825 161.3699 49.4767
-0.2724 16.7900 46.7202 -167.9660 -164.0060 52.8760 -175.0288 -166.0113 55.0154 176.4196 -171.3078 57.0258 171.5103 -175.6778 57.7863 -141.9152 -139.3566 62.4125 76.2915 85.8877 58.6872 171.5103 -175.6778 57.7863 -102.8512 -44.5980 2.0800 15.3037 -65.4208 -14.5841 15.3037 -91.0694 -14.5841 171.5103 -175.6778 57.7863 92.8376 -171.7007 13.4674 -122.1338 74.6017 -59.1955 -122.1338 83.3848 -59.1955 -170.1400 173.3051 56.0865 -177.9368 -139.7220 38.4585 178.6761 -146.0951 35.0774 -177.0119 166.5495 52.4171 154.6637 151.3420 38.7570 150.8068 -178.0618 50.3531 153.0613 160.7653 49.2726 152.9898 161.1027 49.4073
-0.1967 16.7835 46.6263 -167.4710 -163.3710 53.6727 -174.7675 -165.5574 56.0128 176.5959 -170.9199 58.2337 171.7194 -175.2647 59.0933 -137.4699 -133.7423 63.3488 65.1751 76.8656 58.6549 171.7194 -175.2647 59.0933 -103.2836 -43.7979 2.0802 15.0234 -65.8327 -15.2810 15.0234 -91.1940 -15.2810 171.7194 -175.2647 59.0933 92.4735 -172.7538 13.9552 -124.3599 76.9862 -59.1127 -124.3599 85.1828 -59.1127 -170.1323 172.7014 57.6785 -177.6036 -141.1237 40.2370 178.4107 -148.0347 36.0587 -178.1386 164.1039 53.4852 154.4668 151.4159 39.5459 150.5642 -178.2663 51.0685 152.8426 160.5166 49.2039 152.7652 160.8778 49.3481
-0.1236 16.7751 46.5276 -166.9970 -162.7690 54.4312 -174.5113 -165.0524 56.9564 176.8108 -170.4380 59.3680 172.0035 -174.7599 60.3186 -133.0442 -128.2070 64.0834 54.8055 68.4359 57.8621 172.0035 -174.7599 60.3186 -103.6590 -42.9980 2.0846 14.8037 -66.2448 -15.9783 14.8037 -91.3472 -15.9783 172.0035 -174.7599 60.3186 91.9648 -173.8383 14.4242 -126.7247 79.3811 -58.9583 -126.7247 87.3152 -58.9583 -170.2251 172.0185 59.2458 -177.2982 -142.6632 42.0335 178.3748 -150.1936 37.2894 -179.1882 161.2742 54.7990 154.3124 151.5112 40.3040 150.3722 -178.3993 51.7699 152.6784 160.3232 49.1693 152.6088 160.6444 49.2976
-0.0531 16.7649 46.4245 -166.5570 -162.1870 55.1273 -174.1392 -164.4146 57.8224 177.1152 -169.8332 60.4396 172.2408 -174.2523 61.4928 -128.8746 -122.8422 64.6551 45.7870 61.0517 56.4982 172.2408 -174.2523 61.4928 -103.9727 -42.1487 2.0776 14.6120 -66.6826 -16.7172 14.6120 -91.4855 -16.7172 172.2408 -174.2523 61.4928 91.3604 -174.8892 14.8509 -129.1746 81.7338 -58.7930 -129.1746 89.5795 -58.7930 -170.4642 171.1904 60.7558 -177.0415 -144.3553 43.8080 178.5695 -152.5880 38.7976 179.8141 158.0878 56.3494 154.2032 151.6461 40.9996 150.2427 -178.4362 52.4261 152.5776 160.1913 49.1594 152.5215 160.4480 49.2620
0.0156 16.7541 46.3163 -166.1430 -161.6210 55.7809 -173.5728 -163.6152 58.6303 177.5208 -169.1148 61.4900 172.3097 -173.8281 62.6708 -124.9479 -117.6325 65.0253 38.3525 54.9013 54.8227 172.3097 -173.8281 62.6708 -104.2274 -41.2442 2.0198 14.4509 -67.1821 -17.4856 14.4509 -91.6693 -17.4856 172.3097 -173.8281 62.6708 90.7088 -175.8905 15.2179 -131.5661 83.9453 -58.5894 -131.5661 91.5788 -58.5894 -170.8328 170.2506 62.2319 -176.8360 -146.1614 45.5840 178.9315 -155.1002 40.5826 178.8736 154.8520 58.0730 154.1464 151.8557 41.6013 150.1977 -178.3499 52.9996 152.5566 160.1388 49.1719 152.5188 160.3111 49.2407
0.0834 16.7432 46.2000 -165.7460 -161.1030 56.4472 -172.9870 -162.8041 59.4193 177.9230 -168.3735 62.4949 172.3113 -173.4227 63.7931 -121.3427 -112.7785 65.1580 32.4118 49.9664 53.0620 172.3113 -173.4227 63.7931 -104.4444 -40.3110 1.9192 14.3477 -67.7375 -18.2583 14.3477 -92.0370 -18.2583 172.3113 -173.4227 63.7931 90.0076 -176.8394 15.5239 -133.7659 85.8959 -58.3066 -133.7659 93.3146 -58.3066 -171.2716 169.2901 63.7191 -176.6673 -148.0126 47.4088 179.3594 -157.5515 42.5774 177.9784 151.8143 59.8994 154.1468 152.1403 42.1424 150.2398 -178.1575 53.5185 152.6134 160.1664 49.2243 152.6154 160.1572 49.2206
0.1494 16.7315 46.0775 -165.3670 -160.5780 57.1234 -172.4858 -162.0445 60.1780 178.3178 -167.6168 63.3993 172.4428 -172.8810 64.7806 -118.2485 -108.5321 65.1465 27.6912 46.0452 51.3830 172.4428 -172.8810 64.7806 -104.6529 -39.4078 1.8074 14.2888 -68.3004 -18.9950 14.2888 -92.5675 -18.9950 172.4428 -172.8810 64.7806 89.2387 -177.7657 15.7747 -135.6515 87.4858 -57.8835 -135.6515 94.8597 -57.8835 -171.8359 168.2614 65.2135 -176.5710 -149.9299 49.2749 179.7712 -159.8815 44.7117 177.0475 148.9413 61.7945 154.1874 152.4635 42.6515 150.3387 -177.8977 54.0123 152.7179 160.2489 49.3225 152.7817 159.9608 49.2074
0.2135 16.7189 45.9509 -164.9940 -159.9920 57.7983 -172.0150 -161.2962 60.9033 178.7582 -166.8281 64.2184 172.7350 -172.2021 65.6582 -115.6454 -104.7945 64.9981 24.0110 42.9744 49.8329 172.7350 -172.2021 65.6582 -104.8948 -38.5432 1.7199 14.2007 -68.8279 -19.7074 14.2007 -93.1598 -19.7074 172.7350 -172.2021 65.6582 88.4240 -178.6884 15.9655 -137.1899 88.7173 -57.3134 -137.1899 96.2525 -57.3134 -172.6095 167.0772 66.7054 -176.5906 -151.9606 51.1707 -179.8715 -162.0969 46.9773 176.0286 146.2208 63.7550 154.2511 152.8155 43.1312 150.4738 -177.6006 54.4764 152.8509 160.3659 49.4565 152.9920 159.7324 49.2031
0.2760 16.7072 45.8159 -164.5810 -159.3480 58.5062 -171.5414 -160.5650 61.6672 179.2172 -166.0506 65.0721 173.0913 -171.4785 66.5666 -113.3117 -101.3210 64.7418 21.1765 40.5774 48.4182 173.0913 -171.4785 66.5666 -105.1886 -37.6808 1.6374 14.0350 -69.3427 -20.4240 14.0350 -93.8206 -20.4240 173.0913 -171.4785 66.5666 87.6248 -179.6333 16.0886 -138.4509 89.7162 -56.6222 -138.4509 97.5385 -56.6222 -173.5324 165.8340 68.2847 -176.7134 -154.0364 53.1870 -179.6065 -164.1605 49.4135 174.9279 143.8179 65.8016 154.3487 153.2252 43.6297 150.6601 -177.2818 54.9437 153.0236 160.5190 49.6141 153.2547 159.4864 49.2010
0.3375 16.6961 45.6691 -164.0640 -158.6390 59.2891 -171.0540 -159.8345 62.5245 179.6715 -165.2919 66.0196 173.4828 -170.7479 67.5639 -111.0859 -98.1078 64.5089 18.8727 38.6341 47.1982 173.4828 -170.7479 67.5639 -105.5223 -36.7794 1.5097 13.8060 -69.9048 -21.1603 13.8060 -94.6177 -21.1603 173.4828 -170.7479 67.5639 86.8869 179.3857 16.1244 -139.5555 90.6238 -55.8466 -139.5555 98.7999 -55.8466 -174.5321 164.6226 69.9717 -176.9001 -156.0931 55.3455 -179.4506 -166.0588 51.9613 173.5894 141.3740 67.9566 154.4889 153.6938 44.2070 150.9006 -176.9716 55.4647 153.2332 160.7002 49.7848 153.5626 159.2346 49.1981
0.3993 16.6880 45.5141 -163.4240 -157.8100 60.1570 -170.4686 -159.0124 63.4361 -179.7945 -164.4723 66.9755 173.9619 -169.9606 68.5454 -109.0615 -95.2812 64.3429 16.9150 37.0220 46.1996 173.9619 -169.9606 68.5454 -105.8849 -35.8593 1.3255 13.5371 -70.5166 -21.8923 13.5371 -95.5085 -21.8923 173.9619 -169.9606 68.5454 86.2175 178.4001 16.0829 -140.6082 91.5163 -55.0532 -140.6082 99.9786 -55.0532 -175.8219 163.3113 71.9126 -177.2937 -158.2240 57.7984 -179.4198 -167.9735 55.0061 172.2800 139.9060 70.3261 154.6488 154.1994 44.8535 151.1658 -176.6898 56.0311 153.4522 160.8862 49.9568 153.8629 159.0628 49.2264
0.4601 16.6805 45.3515 -162.6990 -156.8730 61.0975 -169.7934 -158.1039 64.3685 -179.1847 -163.6018 67.8884 174.5165 -169.1316 69.4524 -107.2902 -92.8587 64.2419 15.2381 35.6828 45.4137 174.5165 -169.1316 69.4524 -106.2714 -34.9714 1.0940 13.2549 -71.1539 -22.5757 13.2549 -96.3614 -22.5757 174.5165 -169.1316 69.4524 85.6101 177.4413 16.0049 -141.6387 92.4078 -54.2896 -141.6387 100.9378 -54.2896 -177.4019 161.8577 74.0176 -177.8478 -160.3970 60.4488 -179.4994 -169.7882 58.3895 170.9471 139.1620 72.8608 154.8404 154.7341 45.5587 151.4666 -176.4170 56.6416 153.6874 161.0900 50.1258 154.1552 159.0106 49.2923
0.5169 16.6716 45.1767 -161.9000 -155.8320 62.0868 -169.1801 -157.2428 65.3498 -178.6548 -162.8116 68.8142 175.0965 -168.2859 70.3449 -105.6449 -90.6661 64.1345 13.8324 34.5958 44.7565 175.0965 -168.2859 70.3449 -106.6848 -34.1469 0.8209 12.9816 -71.8077 -23.1797 12.9816 -97.0452 -23.1797 175.0965 -168.2859 70.3449 85.0494 176.4876 15.9366 -142.6712 93.3365 -53.5534 -142.6712 101.7306 -53.5534 -179.1624 160.2772 76.2091 -178.4388 -162.4913 63.1894 -179.6439 -171.2632 61.8389 169.0348 137.8082 75.5911 155.1005 155.2973 46.3490 151.8391 -176.1206 57.3351 153.9672 161.3406 50.3243 154.5006 158.9646 49.3715
0.5684 16.6610 44.9888 -160.9560 -154.6310 63.1249 -168.5626 -156.3550 66.3952 -178.1962 -162.0734 69.7882 175.6419 -167.4635 71.2673 -104.0247 -88.5499 64.0174 12.6480 33.6882 44.1335 175.6419 -167.4635 71.2673 -107.1262 -33.3193 0.5520 12.7345 -72.4799 -23.7796 12.7345 -97.6766 -23.7796 175.6419 -167.4635 71.2673 84.5229 175.4522 15.9077 -143.7507 94.3929 -52.7871 -143.7507 102.7450 -52.7871 178.6812 158.3485 78.5340 -179.1112 -164.5200 66.0523 -179.8282 -172.3094 65.4719 166.0174 135.3795 78.6306 155.4306 155.8768 47.2410 152.2792 -175.8166 58.1278 154.2870 161.6417 50.5920 154.9190 158.8271 49.4622
0.6162 16.6506 44.7897 -159.8500 -153.2730 64.2572 -167.7347 -155.2489 67.5026 -177.6544 -161.2433 70.8054 176.0873 -166.7379 72.2266 -102.4155 -86.4343 63.8922 11.6631 32.9023 43.4981 176.0873 -166.7379 72.2266 -107.5935 -32.3557 0.3216 12.5492 -73.2200 -24.5022 12.5492 -98.6968 -24.5022 176.0873 -166.7379 72.2266 84.0202 174.2550 15.9313 -144.9500 95.6801 -51.9431 -144.9500 104.4045 -51.9431 175.0088 155.1262 81.2927 179.7707 -166.6924 69.3502 179.6548 -173.2218 69.6998 161.5139 132.9479 81.9434 155.8154 156.4621 48.2360 152.7683 -175.5197 59.0197 154.6359 161.9711 50.9548 155.4037 158.5668 49.5865
0.6607 16.6378 44.5799 -158.5940 -151.7490 65.4981 -166.6301 -153.8464 68.6657 -176.9674 -160.2752 71.8575 176.4201 -166.1610 73.2197 -100.8038 -84.3146 63.7866 10.8126 32.1900 42.8778 176.4201 -166.1610 73.2197 -108.0237 -31.3857 0.1361 12.4312 -73.9422 -25.2428 12.4312 -99.7040 -25.2428 176.4201 -166.1610 73.2197 83.4975 173.0813 16.0030 -146.2751 97.0521 -51.1689 -146.2751 106.1574 -51.1689 167.5482 148.3271 84.3150 178.0867 -169.1256 72.9419 178.6532 -174.3977 74.2998 147.5138 121.0613 85.4780 156.2721 157.0611 49.3241 153.3290 -175.1883 60.0117 155.0265 162.3377 51.3876 155.9606 158.2253 49.7320
0.7029 16.6199 44.3612 -157.0900 -149.9570 66.8120 -165.3014 -152.1977 69.8700 -176.1950 -159.2481 72.9157 176.7126 -165.7029 74.2001 -99.2789 -82.2458 63.6176 10.0995 31.5868 42.2665 176.7126 -165.7029 74.2001 -108.3867 -30.7200 -0.0986 12.3234 -74.5402 -25.6970 12.3234 -99.7066 -25.6970 176.7126 -165.7029 74.2001 82.9259 172.1367 16.1046 -147.6823 98.3190 -50.6106 -147.6823 107.4276 -50.6106 142.6778 124.2307 87.2071 175.3052 -172.3868 76.6618 176.5457 -176.7402 79.1450 77.6111 52.3363 87.4179 156.8144 157.6875 50.4786 153.9839 -174.7938 61.0798 155.4656 162.7470 51.8393 156.5849 157.8526 49.8656
0.7386 16.5986 44.1288 -155.2740 -147.8360 68.1576 -163.6682 -150.2314 71.1686 -175.1936 -157.9521 74.1454 177.1225 -165.0563 75.3883 -97.3738 -79.9022 63.5579 9.3020 30.9407 41.6497 177.1225 -165.0563 75.3883 -108.6422 -29.4146 0.2402 12.2728 -74.9703 -26.9871 12.2728 -100.9330 -26.9871 177.1225 -165.0563 75.3883 82.3080 171.2844 16.2944 -149.1351 99.5676 -50.1606 -149.1351 108.0146 -50.1606 61.7762 44.1468 87.5690 170.3989 -177.4560 80.2707 171.4574 177.9318 84.5287 24.9060 3.5983 84.9937 157.5197 158.4564 51.5839 154.8676 -174.1670 62.1126 156.0387 163.2810 52.1935 157.2819 157.8032 49.9830
